IDimpacto_humano;Deaths;Injured;Missing
101;0;0;0
201;0;0;0
301;0;0;0
401;0;0;0
501;0;0;0
601;0;0;0
701;0;20;0
801;0;0;0
901;0;0;0
1001;0;0;0
1101;0;0;0
1201;0;0;0
1301;0;20;0
1401;10;10;0
1501;0;0;0
1601;0;0;0
1701;0;0;0
1801;0;0;0
1901;0;0;0
2001;0;0;0
2101;0;0;0
2201;0;0;0
2301;0;0;0
2401;0;0;0
2501;0;0;0
2601;150;30;10
2701;0;10;0
2801;0;0;0
2901;0;0;0
3001;0;0;0
3101;0;0;0
3201;0;0;0
3301;0;0;0
3401;0;0;0
3501;70;60;0
3601;0;0;0
3701;10;0;0
3801;0;0;0
3901;0;0;0
4001;0;0;10
4101;0;0;0
4201;0;10;0
4301;0;10;10
4401;0;0;0
4501;0;0;0
4601;0;0;0
4701;0;0;0
4801;30;10;0
4901;0;20;0
5001;0;0;0
5101;0;0;0
5201;0;0;0
5301;0;0;0
5401;0;0;0
5501;0;0;0
5601;10;10;0
5701;0;0;0
5801;0;0;0
5901;0;0;0
6001;0;0;0
6101;10;0;0
6201;0;0;0
6301;0;0;0
6401;0;0;0
6501;0;0;0
6601;0;0;0
6701;0;0;0
6801;0;0;0
6901;0;0;0
7001;0;0;0
7101;0;0;0
7201;0;0;0
7301;0;0;0
7401;0;0;0
7501;0;0;0
7601;0;0;0
7701;0;0;0
7801;0;0;0
7901;0;0;0
8001;0;0;0
8101;0;0;0
8201;0;0;0
8301;0;0;0
8401;0;80;0
8501;0;0;0
8601;0;0;0
8701;0;0;0
8801;20;30;0
8901;0;0;0
9001;0;0;0
9101;0;0;0
9201;0;0;0
9301;0;0;0
9401;0;20;0
9501;20;0;0
9601;0;0;0
9701;0;0;0
9801;10;0;0
9901;0;0;0
10001;0;0;0
10101;0;0;0
10201;0;0;0
10301;0;0;0
10401;0;0;0
10501;0;0;0
10601;0;0;0
10701;0;0;0
10801;0;0;0
10901;0;0;0
11001;0;0;0
11101;0;0;0
11201;0;30;0
11301;0;0;0
11401;0;0;0
11501;0;0;0
11601;0;0;0
11701;0;0;0
11801;0;0;0
11901;0;0;0
12001;0;0;0
12101;0;0;0
12201;20;70;0
12301;0;0;0
12401;0;0;0
12501;0;0;0
12601;0;0;0
12701;0;0;0
12801;0;0;0
12901;0;0;0
13001;0;0;0
13101;0;0;0
13201;0;0;0
13301;0;0;0
13401;0;0;0
13501;0;0;0
13601;0;0;0
13701;0;0;0
13801;0;0;0
13901;0;0;0
14001;0;0;0
14101;0;0;0
14201;0;0;0
14301;0;0;0
14401;0;0;0
14501;0;0;0
14601;0;0;0
14701;0;0;0
14801;0;0;0
14901;0;0;0
15001;0;0;0
15101;0;0;0
15201;0;30;0
15301;0;0;0
15401;0;40;0
15501;0;0;0
15601;0;0;0
15701;0;0;0
15801;0;0;0
15901;0;0;0
16001;0;0;0
16101;20;20;0
16201;0;0;0
16301;0;0;0
16401;0;0;0
16501;0;0;0
16601;0;0;0
16701;0;0;0
16801;0;0;0
16901;40;10;0
17001;0;0;0
17101;0;0;0
17201;0;0;0
17301;0;0;0
17401;0;0;0
17501;0;0;0
17601;0;0;0
17701;0;0;0
17801;0;0;0
17901;0;0;0
18001;0;0;0
18101;0;0;0
18201;0;0;0
18301;0;0;0
18401;0;0;0
18501;0;0;0
18601;0;0;0
18701;0;0;0
18801;0;0;0
18901;0;0;0
19001;0;0;0
19101;0;0;0
19201;0;0;0
19301;0;0;0
19401;0;0;0
19501;0;0;0
19601;0;0;0
19701;0;0;0
19801;0;0;0
19901;0;0;0
20001;0;0;0
20101;0;0;0
20201;0;0;0
20301;0;0;0
20401;0;0;0
20501;0;0;0
20601;0;0;0
20701;0;0;0
20801;0;0;0
20901;0;0;0
21001;0;0;0
21101;0;0;0
21201;10;0;0
21301;0;0;0
21401;0;0;0
21501;0;0;0
21601;0;0;0
21701;0;80;0
21801;0;10;0
21901;0;0;0
22001;0;10;0
22101;10;0;0
22201;0;10;0
22301;0;0;0
22401;0;0;0
22501;0;0;0
22601;0;20;0
22701;0;0;0
22801;0;30;0
22901;0;0;0
23001;0;0;0
23101;0;0;0
23201;0;0;0
23301;0;0;0
23401;0;0;0
23501;0;0;0
23601;0;0;0
23701;10;0;0
23801;0;0;0
23901;0;0;0
24001;10;0;0
24101;0;20;0
24201;0;0;0
24301;0;0;0
24401;0;0;0
24501;0;0;0
24601;0;0;0
24701;0;0;0
24801;0;0;0
24901;0;0;0
25001;0;0;0
25101;0;0;0
25201;0;0;0
25301;0;0;0
25401;0;0;0
25501;0;0;0
25601;0;0;0
25701;0;200;0
25801;0;0;0
25901;0;0;0
26001;0;10;0
26101;0;0;0
26201;0;10;0
26301;0;0;0
26401;0;30;0
26501;0;0;0
26601;0;0;0
26701;0;0;0
26801;0;0;0
26901;0;0;0
27001;0;0;0
27101;0;0;0
27201;10;0;0
27301;0;0;0
27401;0;0;0
27501;0;0;0
27601;0;0;0
27701;0;0;0
27801;0;0;0
27901;0;0;0
28001;0;0;0
28101;0;0;0
28201;0;0;0
28301;0;0;0
28401;0;0;0
28501;0;0;0
28601;0;0;0
28701;0;0;0
28801;0;0;0
28901;0;0;0
29001;0;0;20
29101;0;0;0
29201;0;0;0
29301;0;0;0
29401;0;0;0
29501;0;0;0
29601;0;0;0
29701;0;0;0
29801;0;0;0
29901;0;0;0
30001;0;0;0
30101;0;0;0
30201;0;0;0
30301;0;10;0
30401;0;0;0
30501;0;0;0
30601;0;0;0
30701;0;10;0
30801;0;0;0
30901;0;0;0
31001;0;0;0
31101;0;0;0
31201;0;0;0
31301;0;0;0
31401;0;0;0
31501;0;0;0
31601;10;0;0
31701;0;0;0
31801;10;0;0
31901;0;0;0
32001;0;0;0
32101;0;0;0
32201;0;0;0
32301;0;0;0
32401;0;0;0
32501;0;0;0
32601;0;0;0
32701;0;0;0
32801;0;0;0
32901;0;0;0
33001;0;0;0
33101;0;0;0
33201;0;0;0
33301;0;0;0
33401;0;0;0
33501;0;0;0
33601;0;0;0
33701;0;0;0
33801;0;0;0
33901;0;0;0
34001;10;30;0
34101;0;0;0
34201;0;0;0
34301;0;0;0
34401;0;0;0
34501;0;0;0
34601;0;0;0
34701;0;0;0
34801;0;0;0
34901;0;0;0
35001;0;0;0
35101;0;0;0
35201;0;0;0
35301;0;0;0
35401;0;0;0
35501;0;0;0
35601;0;0;0
35701;0;0;0
35801;0;0;0
35901;0;0;0
36001;0;0;0
36101;0;0;0
36201;0;0;0
36301;0;0;0
36401;0;0;0
36501;0;0;0
36601;0;0;0
36701;0;10;0
36801;0;0;0
36901;0;0;0
37001;0;0;0
37101;0;0;0
37201;0;0;0
37301;0;0;0
37401;0;0;0
37501;0;0;0
37601;0;0;0
37701;0;0;0
37801;0;0;0
37901;0;0;0
38001;0;0;0
38101;0;0;0
38201;10;0;20
38301;0;0;0
38401;0;0;0
38501;0;0;0
38601;0;0;0
38701;0;0;0
38801;0;0;0
38901;0;0;0
39001;0;0;0
39101;0;0;0
39201;310;0;0
39301;0;0;0
39401;0;0;0
39501;0;0;0
39601;0;0;0
39701;0;0;0
39801;0;0;0
39901;0;0;0
40001;0;0;0
40101;0;0;0
40201;0;0;0
40301;10;0;0
40401;0;0;0
40501;0;0;0
40601;0;0;0
40701;20;0;0
40801;0;0;0
40901;0;0;0
41001;0;0;0
41101;0;0;0
41201;0;0;0
41301;0;0;0
41401;0;0;0
41501;0;0;0
41601;20;0;0
41701;0;0;0
41801;0;0;0
41901;0;20;0
42001;0;0;0
42101;0;0;0
42201;10;30;0
42301;0;0;0
42401;10;10;0
42501;0;0;0
42601;0;0;0
42701;0;0;0
42801;0;0;0
42901;0;0;0
43001;0;0;0
43101;0;0;0
43201;0;0;0
43301;10;30;0
43401;0;0;0
43501;0;0;0
43601;0;0;0
43701;0;0;0
43801;0;0;0
43901;0;0;0
44001;0;0;0
44101;0;0;0
44201;0;0;0
44301;0;0;0
44401;0;0;0
44501;0;0;0
44601;0;0;0
44701;0;0;0
44801;0;0;0
44901;0;0;0
45001;0;0;0
45101;0;0;0
45201;0;0;0
45301;0;0;0
45401;0;0;0
45501;0;0;0
45601;0;0;0
45701;0;0;0
45801;0;0;0
45901;0;0;0
46001;0;0;0
46101;0;0;0
46201;0;0;0
46301;0;0;0
46401;0;0;0
46501;0;0;0
46601;0;0;0
46701;0;0;0
46801;0;0;0
46901;0;0;0
47001;0;0;0
47101;0;0;0
47201;0;0;0
47301;0;0;0
47401;20;0;0
47501;0;0;0
47601;0;0;0
47701;0;0;0
47801;0;0;0
47901;0;0;0
48001;0;0;0
48101;0;0;0
48201;0;0;0
48301;0;40;0
48401;0;0;0
48501;10;10;0
48601;0;0;0
48701;0;0;0
48801;0;0;0
48901;0;0;0
49001;0;0;0
49101;930;620;110
49201;0;0;0
49301;0;0;0
49401;0;0;0
49501;0;0;0
49601;0;0;0
49701;0;0;0
49801;0;0;0
49901;0;0;0
50001;0;0;0
50101;0;0;0
50201;0;0;0
50301;0;0;0
50401;0;0;0
50501;0;0;0
50601;0;0;0
50701;0;0;0
50801;0;0;0
50901;0;0;0
51001;0;0;0
51101;0;0;0
51201;0;0;0
51301;0;10;0
51401;0;0;0
51501;0;0;0
51601;0;0;0
51701;0;0;0
51801;0;0;0
51901;0;0;0
52001;0;0;0
52101;0;0;0
52201;0;0;0
52301;0;0;0
52401;0;0;0
52501;0;0;0
52601;0;0;0
52701;10;10;0
52801;0;0;0
52901;0;0;0
53001;0;0;0
53101;0;0;0
53201;0;0;0
53301;0;0;0
53401;0;0;0
53501;0;0;0
53601;0;0;0
53701;0;0;0
53801;0;0;0
53901;0;0;0
54001;0;0;0
54101;0;0;0
54201;0;0;0
54301;0;0;0
54401;0;0;0
54501;0;0;0
54601;0;0;0
54701;0;0;0
54801;0;0;0
54901;10;160;0
55001;0;0;0
55101;0;0;0
55201;0;0;0
55301;10;20;0
55401;0;0;0
55501;0;0;0
55601;0;0;0
55701;0;0;0
55801;0;0;0
55901;0;0;0
56001;0;0;0
56101;0;0;0
56201;0;0;0
56301;0;0;0
56401;0;0;0
56501;0;0;0
56601;0;0;0
56701;0;0;0
56801;0;30;0
56901;0;0;0
57001;0;0;0
57101;0;0;0
57201;20;0;0
57301;0;0;0
57401;0;0;0
57501;0;0;0
57601;0;0;0
57701;0;0;0
57801;0;0;0
57901;10;0;0
58001;0;0;0
58101;0;0;0
58201;10;0;0
58301;0;0;0
58401;0;0;0
58501;0;0;0
58601;10;30;0
58701;0;0;0
58801;0;0;0
58901;0;0;0
59001;0;0;0
59101;0;0;0
59201;0;0;0
59301;0;0;0
59401;0;0;0
59501;0;0;0
59601;0;0;0
59701;0;0;0
59801;0;0;0
59901;0;0;0
60001;30;10;0
60101;0;0;0
60201;0;0;0
60301;0;0;0
60401;0;0;0
60501;0;0;0
60601;0;0;0
60701;0;0;0
60801;0;0;0
60901;0;0;0
61001;0;0;0
61101;0;0;0
61201;0;0;0
61301;0;0;0
61401;0;0;0
61501;0;0;0
61601;0;0;0
61701;0;0;0
61801;0;0;0
61901;0;0;0
62001;0;0;0
62101;0;0;0
62201;0;0;0
62301;0;0;0
62401;0;0;0
62501;0;0;0
62601;0;0;0
62701;0;0;0
62801;0;0;0
62901;0;0;0
63001;0;0;0
63101;0;0;0
63201;0;0;0
63301;0;0;0
63401;0;0;0
63501;0;0;0
63601;0;0;0
63701;0;0;0
63801;0;0;0
63901;0;0;0
64001;0;0;0
64101;0;0;0
64201;0;0;0
64301;0;100;0
64401;0;0;0
64501;0;60;0
64601;0;0;0
64701;0;0;0
64801;0;0;0
64901;0;50;0
65001;0;0;0
65101;0;0;0
65201;0;20;0
65301;0;0;0
65401;0;0;0
65501;0;0;0
65601;10;60;0
65701;0;0;0
65801;0;0;0
65901;20;0;0
66001;20;10;0
66101;0;0;0
66201;0;0;0
66301;20;10;0
66401;0;0;0
66501;0;0;0
66601;0;0;0
66701;10;30;0
66801;0;0;0
66901;120;0;0
67001;10;0;0
67101;0;0;0
67201;0;0;0
67301;0;0;0
67401;0;0;0
67501;0;0;0
67601;0;10;0
67701;0;0;0
67801;0;0;0
67901;0;0;0
68001;0;0;0
68101;0;0;0
68201;10;0;0
68301;0;0;0
68401;0;0;0
68501;0;0;0
68601;0;0;0
68701;0;0;0
68801;0;0;0
68901;0;0;0
69001;0;0;0
69101;0;0;0
69201;0;0;0
69301;0;0;0
69401;0;0;0
69501;0;0;0
69601;0;0;0
69701;0;0;0
69801;0;0;0
69901;0;0;0
70001;0;0;0
70101;30;0;0
70201;0;0;0
70301;0;0;0
70401;0;0;0
70501;0;0;0
70601;0;10;0
70701;0;0;0
70801;0;0;0
70901;0;20;0
71001;0;0;0
71101;0;0;0
71201;0;0;0
71301;0;0;0
71401;0;0;0
71501;0;0;0
71601;0;0;0
71701;0;0;0
71801;0;0;0
71901;0;0;0
72001;0;0;0
72101;0;0;0
72201;0;30;0
72301;0;10;0
72401;0;0;0
72501;0;0;0
72601;0;0;0
72701;0;0;0
72801;0;0;0
72901;10;0;0
73001;0;10;0
73101;0;0;0
73201;10;0;0
73301;0;10;0
73401;0;0;0
73501;0;0;0
73601;10;0;10
73701;10;10;0
73801;0;0;0
73901;0;0;0
74001;0;0;0
74101;0;0;0
74201;0;0;0
74301;0;0;0
74401;0;100;0
74501;20;0;0
74601;0;0;0
74701;0;0;0
74801;0;0;0
74901;0;0;0
75001;0;0;0
75101;0;0;0
75201;10;0;0
75301;0;0;0
75401;0;0;0
75501;0;0;0
75601;0;0;0
75701;0;0;0
75801;40;740;0
75901;0;0;0
76001;10;10;0
76101;0;0;0
76201;0;0;0
76301;0;0;0
76401;0;0;0
76501;0;0;0
76601;0;0;0
76701;0;0;0
76801;0;20;0
76901;0;0;0
77001;0;0;0
77101;0;0;0
77201;0;0;0
77301;0;0;0
77401;0;0;0
77501;20;20;0
77601;0;0;0
77701;0;0;0
77801;0;0;0
77901;0;0;0
78001;0;0;0
78101;0;0;0
78201;0;0;0
78301;0;0;0
78401;0;0;0
78501;20;0;0
78601;0;0;0
78701;0;40;0
78801;0;0;0
78901;0;0;0
79001;0;0;0
79101;0;0;0
79201;0;0;0
79301;0;0;0
79401;0;0;0
79501;0;0;0
79601;0;0;0
79701;0;10;0
79801;0;0;0
79901;0;0;0
80001;0;0;0
80101;10;0;10
80201;0;0;0
80301;0;0;0
80401;0;0;0
80501;0;0;0
80601;0;0;0
80701;10;320;0
80801;0;0;0
80901;0;0;0
81001;0;0;0
81101;0;410;0
81201;10;80;0
81301;0;0;20
81401;0;0;0
81501;0;0;0
81601;0;0;0
81701;0;0;0
81801;0;10;0
81901;0;0;0
82001;0;0;0
82101;0;0;20
82201;0;0;0
82301;0;0;0
82401;0;40;0
82501;0;0;0
82601;40;0;0
82701;0;0;0
82801;0;0;0
82901;20;0;0
83001;0;60;0
83101;0;0;0
83201;0;0;0
83301;0;0;0
83401;0;0;0
83501;0;0;0
83601;0;0;0
83701;0;0;0
83801;0;0;0
83901;0;0;0
84001;0;50;0
84101;0;0;0
84201;0;0;0
84301;0;0;0
84401;0;0;0
84501;0;20;0
84601;0;0;0
84701;0;0;0
84801;50;0;0
84901;0;0;0
85001;0;0;0
85101;0;90;0
85201;0;0;0
85301;0;0;0
85401;0;0;20
85501;0;0;0
85601;0;0;0
85701;0;0;40
85801;0;0;0
85901;10;0;0
86001;30;20;0
86101;30;20;0
86201;110;20;0
86301;10;50;10
86401;0;0;0
86501;0;0;0
86601;0;0;0
86701;0;0;0
86801;0;0;0
86901;0;0;0
87001;0;0;0
87101;0;0;0
87201;0;10;0
87301;0;30;0
87401;0;0;0
87501;0;0;0
87601;0;0;0
87701;0;0;0
87801;0;0;0
87901;0;0;0
88001;0;0;0
88101;0;0;0
88201;0;0;0
88301;0;0;0
88401;0;0;0
88501;0;0;0
88601;0;0;0
88701;0;0;0
88801;0;0;0
88901;20;0;0
89001;0;0;0
89101;0;0;0
89201;0;0;0
89301;0;0;0
89401;0;0;0
89501;0;0;0
89601;30;90;0
89701;0;0;0
89801;0;0;0
89901;0;0;0
90001;10;0;10
90101;0;0;0
90201;0;0;0
90301;0;0;0
90401;0;0;0
90501;0;40;0
90601;0;0;0
90701;0;0;0
90801;0;10;0
90901;0;0;0
91001;0;0;0
91101;0;0;0
91201;0;0;0
91301;0;70;0
91401;50;50;0
91501;0;0;0
91601;10;0;0
91701;0;0;0
91801;0;0;0
91901;0;0;0
92001;10;30;0
92101;0;0;0
92201;0;0;0
92301;0;0;0
92401;0;0;0
92501;0;0;0
92601;0;0;0
92701;0;0;0
92801;0;0;0
92901;0;0;0
93001;0;0;0
93101;0;0;0
93201;0;0;0
93301;0;0;0
93401;0;0;0
93501;0;40;0
93601;0;0;0
93701;0;0;0
93801;0;0;0
93901;0;0;0
94001;0;0;0
94101;10;0;0
94201;0;0;0
94301;0;0;0
94401;0;0;0
94501;0;0;0
94601;0;0;0
94701;0;0;0
94801;0;0;0
94901;0;0;0
95001;0;0;0
95101;0;0;0
95201;0;0;0
95301;0;0;0
95401;0;0;0
95501;0;0;0
95601;0;0;0
95701;0;0;0
95801;0;0;0
95901;0;0;0
96001;0;0;0
96101;0;0;0
96201;0;0;0
96301;0;0;0
96401;0;0;0
96501;0;0;0
96601;0;0;0
96701;0;0;0
96801;0;0;0
96901;0;0;0
97001;0;0;0
97101;0;0;0
97201;0;0;0
97301;0;0;0
97401;0;0;0
97501;0;0;0
97601;20;30;10
97701;0;0;0
97801;0;0;0
97901;0;0;0
98001;0;0;0
98101;0;0;0
98201;0;0;0
98301;0;0;0
98401;0;10;0
98501;0;0;0
98601;0;0;0
98701;0;0;0
98801;0;0;0
98901;0;0;0
99001;0;0;0
99101;10;20;0
99201;0;0;0
99301;0;0;0
99401;0;40;0
99501;0;0;0
99601;0;0;0
99701;0;0;0
99801;0;0;0
99901;0;0;0
100001;0;0;0
100101;0;0;0
100201;0;0;0
100301;0;0;0
100401;0;0;0
100501;0;0;0
100601;10;20;0
100701;0;10;0
100801;0;0;0
100901;0;0;0
101001;0;0;0
101101;0;0;0
101201;20;20;0
101301;0;0;0
101401;0;0;0
101501;0;0;0
101601;0;0;0
101701;0;0;0
101801;0;0;0
101901;0;0;0
102001;0;0;0
102101;0;0;0
102201;0;0;0
102301;0;0;0
102401;0;0;0
102501;0;0;0
102601;0;0;0
102701;0;0;0
102801;0;0;0
102901;0;0;0
103001;0;0;0
103101;0;0;0
103201;0;10;0
103301;0;0;0
103401;0;0;0
103501;0;0;0
103601;0;0;0
103701;0;0;0
103801;0;0;0
103901;0;0;0
104001;0;0;0
104101;0;0;0
104201;0;0;0
104301;0;0;0
104401;0;0;0
104501;0;0;0
104601;0;0;0
104701;20;0;0
104801;0;0;0
104901;0;0;0
105001;0;0;0
105101;20;10;0
105201;0;0;0
105301;0;0;0
105401;0;0;0
105501;0;0;0
105601;0;0;0
105701;0;0;0
105801;0;0;0
105901;0;0;0
106001;20;0;0
106101;0;0;0
106201;0;0;0
106301;0;0;0
106401;0;0;0
106501;0;0;0
106601;0;0;0
106701;0;0;0
106801;0;0;0
106901;0;0;0
107001;20;0;0
107101;0;0;0
107201;0;0;0
107301;0;0;0
107401;0;0;0
107501;0;0;0
107601;0;0;0
107701;0;0;0
107801;0;0;0
107901;0;0;0
108001;0;0;0
108101;0;0;0
108201;0;0;0
108301;20;0;0
108401;0;0;0
108501;0;0;0
108601;10;0;0
108701;0;0;0
108801;10;10;0
108901;0;0;0
109001;10;10;0
109101;0;0;0
109201;0;0;0
109301;0;0;0
109401;0;0;0
109501;30;0;0
109601;0;0;0
109701;0;0;0
109801;0;0;0
109901;0;0;0
110001;0;0;0
110101;0;0;0
110201;0;0;0
110301;0;0;0
110401;0;0;0
110501;0;0;0
110601;0;0;0
110701;0;0;0
110801;0;0;0
110901;0;0;0
111001;0;0;0
111101;0;0;0
111201;0;0;0
111301;0;0;0
111401;0;0;0
111501;0;0;0
111601;0;0;0
111701;0;0;0
111801;0;230;0
111901;0;0;0
112001;0;0;0
112101;0;0;0
112201;0;0;0
112301;0;0;0
112401;0;0;0
112501;0;0;0
112601;0;0;0
112701;0;0;0
112801;0;0;0
112901;0;0;0
113001;0;0;0
113101;0;0;0
113201;0;20;0
113301;10;10;0
113401;0;0;0
113501;10;0;0
113601;0;0;0
113701;0;0;0
113801;0;0;0
113901;0;0;0
114001;0;0;0
114101;0;0;0
114201;0;0;0
114301;10;0;0
114401;0;0;0
114501;0;0;0
114601;0;0;0
114701;0;0;0
114801;0;0;0
114901;0;0;0
115001;10;10;0
115101;0;40;0
115201;0;0;0
115301;0;0;10
115401;0;0;0
115501;0;0;0
115601;0;20;0
115701;0;0;0
115801;0;0;0
115901;0;10;0
116001;0;0;0
116101;0;0;0
116201;0;0;0
116301;0;0;0
116401;0;0;0
116501;0;0;0
116601;0;0;0
116701;0;0;0
116801;0;0;0
116901;0;10;0
117001;0;0;0
117101;0;0;0
117201;0;0;0
117301;0;0;0
117401;0;0;0
117501;0;0;0
117601;0;0;0
117701;0;0;0
117801;0;0;0
117901;90;10;0
118001;0;0;20
118101;20;0;0
118201;0;0;0
118301;0;0;0
118401;0;0;0
118501;0;0;0
118601;0;0;0
118701;0;0;0
118801;0;0;0
118901;0;0;0
119001;0;0;0
119101;0;0;0
119201;60;0;0
119301;0;0;0
119401;0;0;0
119501;0;0;0
119601;0;0;0
119701;0;0;0
119801;0;0;0
119901;0;0;0
120001;0;0;0
120101;10;20;0
120201;0;0;0
120301;0;0;0
120401;10;0;0
120501;0;0;0
120601;0;0;0
120701;30;20;0
120801;0;0;0
120901;0;0;0
121001;0;0;0
121101;0;0;0
121201;0;0;0
121301;10;20;0
121401;0;0;0
121501;0;0;0
121601;0;0;0
121701;0;0;0
121801;0;0;0
121901;0;0;0
122001;0;60;0
122101;0;0;0
122201;0;0;0
122301;0;0;0
122401;0;0;0
122501;0;0;0
122601;0;0;0
122701;0;0;0
122801;0;0;0
122901;10;0;0
123001;0;0;0
123101;0;0;0
123201;0;10;0
123301;0;0;0
123401;0;0;0
123501;0;0;0
123601;10;20;0
123701;0;0;0
123801;0;0;0
123901;0;0;0
124001;0;0;0
124101;0;0;0
124201;0;0;0
124301;0;0;0
124401;0;50;0
124501;0;0;0
124601;0;0;0
124701;0;0;0
124801;20;0;0
124901;10;10;0
125001;20;0;0
125101;0;0;0
125201;0;0;0
125301;10;0;0
125401;0;0;0
125501;0;0;0
125601;0;0;0
125701;0;0;0
125801;0;0;0
125901;20;30;0
126001;0;0;0
126101;0;0;0
126201;0;0;0
126301;0;0;0
126401;0;0;0
126501;0;0;0
126601;0;0;0
126701;0;0;0
126801;0;0;0
126901;40;0;0
127001;0;0;0
127101;0;0;0
127201;0;0;0
127301;0;0;0
127401;0;0;0
127501;0;0;0
127601;0;0;0
127701;0;0;0
127801;40;0;0
127901;20;0;0
128001;0;0;0
128101;10;10;0
128201;10;0;0
128301;0;0;0
128401;0;0;0
128501;0;0;0
128601;0;0;0
128701;0;0;0
128801;0;0;0
128901;0;0;0
129001;0;0;0
129101;0;0;0
129201;0;0;0
129301;10;30;0
129401;0;0;0
129501;0;0;0
129601;0;0;0
129701;0;0;10
129801;10;10;0
129901;0;0;0
130001;0;1350;0
130101;0;0;0
130201;0;0;0
130301;0;0;0
130401;0;0;0
130501;730;0;0
130601;0;0;0
130701;0;0;0
130801;0;0;0
130901;0;0;0
131001;0;0;0
131101;30;0;0
131201;10;0;0
131301;0;0;0
131401;830;100;380
131501;0;0;0
131601;0;0;0
131701;0;0;0
131801;10;0;0
131901;40;0;0
132001;0;10;0
132101;0;0;0
132201;0;60;0
132301;40;0;0
132401;0;0;0
132501;0;0;0
132601;0;0;0
132701;0;0;0
132801;0;0;0
132901;10;10;0
133001;0;0;0
133101;30;0;0
133201;0;0;0
133301;0;0;0
133401;10;0;0
133501;0;0;0
133601;0;0;0
133701;0;0;0
133801;0;0;0
133901;0;0;0
134001;0;0;0
134101;0;0;0
134201;10;0;0
134301;0;0;0
134401;0;0;0
134501;0;0;0
134601;0;0;0
134701;0;0;0
134801;0;0;0
134901;0;0;0
135001;0;0;0
135101;10;0;0
135201;0;0;0
135301;20;10;0
135401;0;0;0
135501;0;0;0
135601;0;0;0
135701;0;0;0
135801;0;0;0
135901;0;0;0
136001;0;0;0
136101;0;0;0
136201;0;0;0
136301;90;0;10
136401;0;0;0
136501;0;0;0
136601;0;0;0
136701;0;0;0
136801;0;0;0
136901;0;0;0
137001;0;0;0
137101;0;0;0
137201;0;0;0
137301;0;0;0
137401;0;0;0
137501;0;0;0
137601;0;0;0
137701;0;0;0
137801;0;0;0
137901;0;0;0
138001;0;0;0
138101;0;0;0
138201;0;0;20
138301;20;0;0
138401;0;0;0
138501;10;0;0
138601;0;0;0
138701;0;0;0
138801;0;0;0
138901;0;0;0
139001;0;0;0
139101;0;0;0
139201;0;0;0
139301;0;0;0
139401;0;50;0
139501;0;0;0
139601;0;0;0
139701;0;0;0
139801;0;0;0
139901;0;0;0
140001;0;0;0
140101;0;0;0
140201;0;0;0
140301;0;0;0
140401;0;0;0
140501;0;0;0
140601;0;0;0
140701;10;0;0
140801;0;0;0
140901;0;0;0
141001;0;0;0
141101;0;0;0
141201;0;0;0
141301;20;50;0
141401;0;0;0
141501;0;0;0
141601;0;0;0
141701;0;0;0
141801;0;0;0
141901;0;0;0
142001;10;10;0
142101;10;80;0
142201;0;0;0
142301;0;0;0
142401;30;630;0
142501;20;50;0
142601;0;0;0
142701;0;0;0
142801;0;0;0
142901;0;0;0
143001;0;0;0
143101;0;0;0
143201;0;0;0
143301;0;0;0
143401;0;0;0
143501;0;0;0
143601;0;340;0
143701;0;0;0
143801;0;0;0
143901;0;0;0
144001;0;0;0
144101;0;0;0
144201;10;0;0
144301;10;0;0
144401;0;0;0
144501;140;0;0
144601;0;10;0
144701;20;20;0
144801;0;0;0
144901;0;0;0
145001;0;0;0
145101;0;0;0
145201;0;0;0
145301;10;0;0
145401;0;0;0
145501;0;0;0
145601;0;0;0
145701;0;0;0
145801;0;0;10
145901;0;0;0
146001;0;0;0
146101;0;0;0
146201;80;0;0
146301;0;0;0
146401;0;0;0
146501;0;0;0
146601;10;0;0
146701;0;0;0
146801;0;10;0
146901;0;0;0
147001;0;0;0
147101;0;0;0
147201;0;0;0
147301;0;0;0
147401;0;0;0
147501;0;0;0
147601;0;0;10
147701;0;0;0
147801;0;0;0
147901;0;0;0
148001;0;0;0
148101;0;0;10
148201;0;0;0
148301;30;0;0
148401;0;0;20
148501;0;0;0
148601;0;0;0
148701;0;0;0
148801;0;0;0
148901;0;0;0
149001;0;0;0
149101;0;0;0
149201;0;0;0
149301;0;0;0
149401;0;0;0
149501;0;0;0
149601;0;0;0
149701;0;0;0
149801;0;0;0
149901;0;0;0
150001;0;0;0
150101;0;10;0
150201;0;0;0
150301;0;20;0
150401;0;0;0
150501;90;30;0
150601;30;0;0
150701;0;0;0
150801;0;0;0
150901;0;0;0
151001;10;10;0
151101;0;0;0
151201;0;0;0
151301;0;0;0
151401;0;0;0
151501;0;10;0
151601;0;0;0
151701;0;0;0
151801;0;0;0
151901;0;0;0
152001;0;0;0
152101;0;0;0
152201;0;0;0
152301;0;0;0
152401;20;0;0
152501;0;0;0
152601;0;0;0
152701;0;0;0
152801;0;50;0
152901;50;0;0
153001;0;0;0
153101;0;0;0
153201;0;0;0
153301;0;20;0
153401;0;0;0
153501;0;0;0
153601;0;0;0
153701;0;0;0
153801;0;0;0
153901;0;0;0
154001;0;40;0
154101;0;0;0
154201;0;0;0
154301;0;90;0
154401;0;0;0
154501;0;0;0
154601;10;0;0
154701;0;0;0
154801;0;0;0
154901;0;0;0
155001;0;0;0
155101;0;0;0
155201;0;0;0
155301;10;0;0
155401;0;0;0
155501;0;0;0
155601;0;0;0
155701;0;0;0
155801;0;0;0
155901;0;0;0
156001;0;0;0
156101;0;0;0
156201;0;0;0
156301;0;0;0
156401;0;0;0
156501;20;0;0
156601;0;0;0
156701;0;0;0
156801;0;0;0
156901;0;0;0
157001;0;0;0
157101;0;0;0
157201;0;0;0
157301;0;0;0
157401;20;0;0
157501;10;0;0
157601;0;0;0
157701;10;10;0
157801;0;0;0
157901;0;0;0
158001;0;0;0
158101;0;0;0
158201;0;0;0
158301;0;0;0
158401;10;70;0
158501;0;0;0
158601;0;0;0
158701;10;0;0
158801;0;0;0
158901;20;40;0
159001;0;0;0
159101;0;0;0
159201;0;0;0
159301;0;0;0
159401;0;0;0
159501;0;0;0
159601;0;0;0
159701;0;30;0
159801;10;0;0
159901;0;0;0
160001;0;0;0
160101;0;0;0
160201;0;0;0
160301;0;0;0
160401;0;0;0
160501;0;0;0
160601;0;0;0
160701;0;0;0
160801;0;0;0
160901;0;0;0
161001;0;0;0
161101;0;0;0
161201;0;0;0
161301;0;0;0
161401;0;0;0
161501;0;0;0
161601;0;20;10
161701;20;0;10
161801;0;0;0
161901;0;70;0
162001;0;0;0
162101;0;0;0
162201;0;0;0
162301;0;0;0
162401;0;0;0
162501;0;0;0
162601;0;0;0
162701;0;0;0
162801;0;0;0
162901;0;0;0
163001;0;0;10
163101;0;0;0
163201;0;0;0
163301;0;0;0
163401;0;0;0
163501;0;0;0
163601;120;0;0
163701;0;0;0
163801;0;0;0
163901;10;0;40
164001;0;0;0
164101;0;0;0
164201;0;0;0
164301;0;0;0
164401;0;0;0
164501;10;0;0
164601;20;280;0
164701;0;10;0
164801;0;0;0
164901;0;0;0
165001;0;0;0
165101;0;0;0
165201;0;0;0
165301;0;10;10
165401;0;0;0
165501;0;0;0
165601;0;0;0
165701;0;0;0
165801;0;0;10
165901;0;0;0
166001;0;0;0
166101;0;0;0
166201;0;0;0
166301;0;0;0
166401;0;0;0
166501;0;0;0
166601;0;0;0
166701;0;0;0
166801;0;20;0
166901;0;0;0
167001;0;0;0
167101;0;0;0
167201;0;0;0
167301;0;30;0
167401;0;0;0
167501;0;40;10
167601;0;0;0
167701;0;0;0
167801;0;0;0
167901;0;0;0
168001;0;0;0
168101;0;0;0
168201;0;0;0
168301;0;0;0
168401;30;10;0
168501;10;40;0
168601;0;0;0
168701;0;0;0
168801;0;0;0
168901;0;0;0
169001;0;0;0
169101;0;0;0
169201;0;40;0
169301;0;0;0
169401;0;0;0
169501;0;0;0
169601;10;80;0
169701;0;0;0
169801;0;10;0
169901;0;10;0
170001;270;160;0
170101;0;0;0
170201;0;0;0
170301;0;0;0
170401;0;0;0
170501;0;0;0
170601;0;0;0
170701;0;0;0
170801;0;0;0
170901;0;0;0
171001;0;0;0
171101;0;0;0
171201;0;0;0
171301;0;0;0
171401;0;0;0
171501;0;0;0
171601;0;0;0
171701;0;0;0
171801;0;0;0
171901;0;0;0
172001;0;0;0
172101;0;0;10
172201;0;0;0
172301;0;0;0
172401;0;0;0
172501;0;0;0
172601;0;0;0
172701;0;0;0
172801;0;0;0
172901;0;0;0
173001;0;0;0
173101;0;0;0
173201;0;0;0
173301;0;0;10
173401;0;10;0
173501;0;0;0
173601;0;0;0
173701;0;0;0
173801;20;0;0
173901;0;0;0
174001;0;0;0
174101;0;30;0
174201;0;0;0
174301;0;0;0
174401;0;0;0
174501;0;10;0
174601;0;40;0
174701;0;0;0
174801;0;0;0
174901;0;0;0
175001;0;0;0
175101;0;60;0
175201;0;0;0
175301;0;0;0
175401;0;0;0
175501;0;0;0
175601;0;0;0
175701;0;0;0
175801;0;0;0
175901;0;0;0
176001;0;0;0
176101;0;0;0
176201;0;0;0
176301;0;0;0
176401;0;0;0
176501;0;0;0
176601;0;0;0
176701;0;0;0
176801;0;0;0
176901;0;0;0
177001;0;0;0
177101;0;0;0
177201;0;0;0
177301;0;0;0
177401;30;0;0
177501;0;0;0
177601;10;10;0
177701;0;0;0
177801;20;0;0
177901;0;0;0
178001;0;0;0
178101;30;0;0
178201;0;0;0
178301;0;0;0
178401;0;0;0
178501;0;20;0
178601;0;0;0
178701;0;0;0
178801;0;0;0
178901;0;0;0
179001;0;0;0
179101;0;0;0
179201;20;100;0
179301;30;0;0
179401;0;0;0
179501;0;0;0
179601;0;0;0
179701;0;0;0
179801;0;230;0
179901;30;90;0
180001;30;0;0
180101;0;0;0
180201;0;0;0
180301;0;0;0
180401;0;0;0
180501;0;0;0
180601;0;0;0
180701;0;0;0
180801;0;0;0
180901;60;0;0
181001;0;0;0
181101;0;0;0
181201;0;0;0
181301;0;0;0
181401;0;0;0
181501;0;0;0
181601;0;0;0
181701;0;0;0
181801;0;0;0
181901;30;20;0
182001;40;0;0
182101;0;0;0
182201;0;0;0
182301;0;0;0
182401;0;0;0
182501;0;20;0
182601;10;0;0
182701;10;0;0
182801;0;0;0
182901;0;0;0
183001;0;0;0
183101;0;0;0
183201;0;0;0
183301;0;80;0
183401;0;180;0
183501;70;30;0
183601;0;40;0
183701;10;50;0
183801;0;0;0
183901;0;0;0
184001;0;0;0
184101;0;0;0
184201;0;0;0
184301;0;0;0
184401;0;0;0
184501;0;0;0
184601;0;0;0
184701;0;10;0
184801;0;280;0
184901;0;0;0
185001;10;50;0
185101;10;0;0
185201;0;0;0
185301;0;0;0
185401;0;0;0
185501;0;0;0
185601;0;0;0
185701;0;0;0
185801;0;0;0
185901;0;0;0
186001;0;0;0
186101;0;0;0
186201;0;1520;0
186301;0;280;0
186401;0;0;0
186501;0;0;0
186601;0;0;0
186701;0;0;0
186801;0;0;0
186901;0;0;0
187001;0;0;0
187101;0;0;0
187201;0;0;0
187301;0;0;0
187401;0;0;0
187501;0;0;0
187601;0;0;0
187701;0;0;0
187801;0;0;0
187901;0;0;0
188001;30;20;0
188101;0;0;0
188201;0;0;0
188301;20;120;0
188401;0;0;0
188501;0;10;0
188601;100;10;0
188701;20;20;0
188801;0;8920;0
188901;30;0;0
189001;0;0;0
189101;0;0;0
189201;0;0;0
189301;0;0;0
189401;0;0;0
189501;30;0;0
189601;0;220;0
189701;0;0;0
189801;10;10;0
189901;0;0;0
190001;110;80;20
190101;70;0;30
190201;0;0;0
190301;0;0;0
190401;0;0;0
190501;0;0;0
190601;0;0;0
190701;0;0;0
190801;0;0;0
190901;0;0;0
191001;0;0;0
191101;0;0;0
191201;0;0;0
191301;0;0;0
191401;0;0;0
191501;0;0;0
191601;10;30;0
191701;0;0;0
191801;40;10;0
191901;0;0;0
192001;0;0;0
192101;0;0;0
192201;0;0;30
192301;0;0;0
192401;0;0;0
192501;240;0;0
192601;0;0;0
192701;0;0;0
192801;30;0;0
192901;0;0;0
193001;190;0;350
193101;0;0;0
193201;10;0;0
193301;30;10;0
193401;0;0;0
193501;0;0;0
193601;0;0;0
193701;0;0;0
193801;0;20;0
193901;0;0;0
194001;50;10;0
194101;50;0;0
194201;0;0;0
194301;0;0;0
194401;0;0;0
194501;0;0;0
194601;0;0;0
194701;0;0;0
194801;0;0;0
194901;0;0;0
195001;0;0;0
195101;10;0;0
195201;0;50;0
195301;0;0;0
195401;0;70;0
195501;0;0;0
195601;30;30;0
195701;0;0;0
195801;0;0;0
195901;0;40;0
196001;0;0;0
196101;0;0;0
196201;0;0;0
196301;0;0;0
196401;0;0;0
196501;20;40;0
196601;0;0;0
196701;0;0;0
196801;0;0;0
196901;0;0;0
197001;0;0;0
197101;0;0;0
197201;0;0;0
197301;0;0;0
197401;0;0;0
197501;0;0;0
197601;0;0;0
197701;0;0;0
197801;0;0;0
197901;20;0;0
198001;0;0;0
198101;20;0;0
198201;0;0;0
198301;0;0;0
198401;0;0;0
198501;0;0;0
198601;0;10;0
198701;10;0;0
198801;60;0;0
198901;70;0;20
199001;30;280;170
199101;0;0;0
199201;10;0;0
199301;0;0;0
199401;0;0;0
199501;0;0;0
199601;0;0;0
199701;0;0;0
199801;0;0;0
199901;0;0;0
200001;0;0;0
200101;0;0;0
200201;0;0;0
200301;0;0;0
200401;0;0;0
200501;0;0;0
200601;0;0;0
200701;10;0;0
200801;0;0;0
200901;0;0;0
201001;0;0;0
201101;0;0;0
201201;50;30;0
201301;0;0;0
201401;0;0;0
201501;0;0;0
201601;10;30;0
201701;0;0;0
201801;0;0;0
201901;0;0;0
202001;0;0;0
202101;40;0;0
202201;60;0;0
202301;30;0;0
202401;10;0;0
202501;300;0;0
202601;130;0;0
202701;0;0;0
202801;70;0;0
202901;10;0;0
203001;0;0;0
203101;0;0;10
203201;0;150;0
203301;30;0;0
203401;0;0;0
203501;0;0;0
203601;0;0;0
203701;30;0;0
203801;0;0;0
203901;10;10;0
204001;40;0;0
204101;0;0;0
204201;0;0;0
204301;50;0;0
204401;0;540;0
204501;0;0;0
204601;0;0;0
204701;20;0;0
204801;0;0;0
204901;0;0;0
205001;0;0;0
205101;0;0;0
205201;0;0;0
205301;0;0;0
205401;0;0;0
205501;0;0;0
205601;0;0;0
205701;0;0;0
205801;0;0;0
205901;0;0;0
206001;0;0;0
206101;0;0;0
206201;0;0;0
206301;0;0;0
206401;0;0;0
206501;10;0;0
206601;0;0;0
206701;0;100;0
206801;0;0;0
206901;0;0;0
207001;0;70;0
207101;0;0;0
207201;0;0;0
207301;0;0;0
207401;20;160;0
207501;0;0;0
207601;0;0;0
207701;0;0;0
207801;0;0;0
207901;0;0;0
208001;0;0;0
208101;0;0;0
208201;0;0;0
208301;0;0;0
208401;0;0;0
208501;0;0;0
208601;30;0;0
208701;0;0;0
208801;0;0;0
208901;0;0;0
209001;0;0;0
209101;0;0;0
209201;0;0;0
209301;0;0;0
209401;40;0;0
209501;120;100;0
209601;20;10;0
209701;10;0;0
209801;0;0;0
209901;0;0;0
210001;0;0;20
210101;0;0;0
210201;10;20;0
210301;0;0;0
210401;0;0;0
210501;20;0;0
210601;10;0;0
210701;0;0;0
210801;30;0;0
210901;30;0;0
211001;0;0;0
211101;0;0;0
211201;0;0;0
211301;0;0;0
211401;0;0;0
211501;0;0;0
211601;30;30;0
211701;0;0;0
211801;0;0;0
211901;0;70;0
212001;0;0;0
212101;0;20;0
212201;0;0;0
212301;0;0;0
212401;0;0;0
212501;0;0;0
212601;0;0;0
212701;10;10;0
212801;0;0;0
212901;0;0;0
213001;0;0;0
213101;0;0;0
213201;0;0;0
213301;90;0;10
213401;0;0;0
213501;0;0;0
213601;0;0;0
213701;0;0;0
213801;0;0;0
213901;0;0;0
214001;0;0;0
214101;30;0;0
214201;0;0;0
214301;0;0;0
214401;0;0;0
214501;0;0;0
214601;0;0;0
214701;0;0;0
214801;0;0;0
214901;0;0;0
215001;10;0;0
215101;0;0;0
215201;10;0;0
215301;0;0;0
215401;30;20;0
215501;0;0;0
215601;0;0;0
215701;0;0;0
215801;0;0;0
215901;20;230;0
216001;0;0;0
216101;30;0;0
216201;0;0;0
216301;0;200;0
216401;10;180;0
216501;0;70;0
216601;0;700;0
216701;0;30;0
216801;0;0;0
216901;120;0;0
217001;500;0;0
217101;0;0;0
217201;40;0;0
217301;250;0;0
217401;60;0;0
217501;0;0;0
217601;10;0;0
217701;0;0;0
217801;0;0;0
217901;50;0;0
218001;0;0;0
218101;0;0;0
218201;30;80;0
218301;0;1500;0
218401;0;0;0
218501;0;0;0
218601;0;0;0
218701;0;0;0
218801;0;0;0
218901;0;0;0
219001;0;0;0
219101;0;0;0
219201;0;0;0
219301;0;0;0
219401;0;0;0
219501;0;0;0
219601;0;0;0
219701;0;0;0
219801;0;0;0
219901;0;0;0
220001;20;0;0
220101;0;0;0
220201;0;0;0
220301;0;0;0
220401;20;0;0
220501;0;0;0
220601;0;0;0
220701;0;0;0
220801;0;0;0
220901;0;0;0
221001;0;0;0
221101;0;0;0
221201;0;0;0
221301;0;0;0
221401;0;0;0
221501;0;0;0
221601;40;0;0
221701;40;0;0
221801;0;0;0
221901;0;0;0
222001;0;0;0
222101;0;0;0
222201;0;0;0
222301;0;0;0
222401;0;0;0
222501;0;0;0
222601;10;40;0
222701;0;0;0
222801;30;100;0
222901;0;0;0
223001;0;0;0
223101;0;0;0
223201;0;0;0
223301;0;0;0
223401;0;0;0
223501;0;0;0
223601;0;0;0
223701;0;0;0
223801;0;0;0
223901;0;0;0
224001;0;0;0
224101;0;0;0
224201;0;0;0
224301;0;0;0
224401;0;0;0
224501;0;0;0
224601;0;0;0
224701;0;0;40
224801;0;0;0
224901;20;10;0
225001;0;0;0
225101;0;0;0
225201;0;0;0
225301;0;0;0
225401;0;0;0
225501;0;0;0
225601;0;0;0
225701;0;0;0
225801;0;0;0
225901;0;0;0
226001;0;0;0
226101;0;0;0
226201;0;0;0
226301;0;0;0
226401;20;0;0
226501;0;0;0
226601;0;0;0
226701;0;0;0
226801;20;0;0
226901;0;20;0
227001;30;30;0
227101;0;0;0
227201;0;0;0
227301;10;10;0
227401;30;0;50
227501;80;0;0
227601;0;0;0
227701;0;0;0
227801;0;0;0
227901;10;120;0
228001;0;0;0
228101;0;0;20
228201;50;0;0
228301;0;0;0
228401;0;0;0
228501;180;100;0
228601;10;0;0
228701;0;0;0
228801;0;0;0
228901;0;0;0
229001;40;0;0
229101;0;0;0
229201;0;0;0
229301;0;0;0
229401;0;0;0
229501;0;0;0
229601;0;0;0
229701;0;0;0
229801;0;0;0
229901;0;0;0
230001;0;0;0
230101;0;0;0
230201;40;0;0
230301;0;0;0
230401;50;0;0
230501;30;0;20
230601;0;0;0
230701;0;0;0
230801;0;0;0
230901;0;0;0
231001;0;0;0
231101;0;0;0
231201;0;0;0
231301;0;0;0
231401;0;0;0
231501;0;0;0
231601;0;0;0
231701;0;0;0
231801;120;0;0
231901;0;0;0
232001;0;0;0
232101;0;0;0
232201;10;0;0
232301;110;0;0
232401;0;0;0
232501;0;0;0
232601;0;0;0
232701;0;0;0
232801;0;0;0
232901;0;0;0
233001;0;0;0
233101;0;0;0
233201;500;0;0
233301;0;0;0
233401;0;0;0
233501;0;0;0
233601;40;30;0
233701;0;0;0
233801;40;40;0
233901;0;200;0
234001;50;30;0
234101;0;0;0
234201;110;0;0
234301;30;80;0
234401;0;0;0
234501;0;0;0
234601;20;0;0
234701;0;0;0
234801;10;30;0
234901;0;0;0
235001;0;0;0
235101;0;0;0
235201;0;0;0
235301;0;0;0
235401;0;0;0
235501;40;0;0
235601;0;0;0
235701;0;0;0
235801;0;0;0
235901;0;0;0
236001;0;0;0
236101;0;0;0
236201;20;0;0
236301;0;0;0
236401;0;0;0
236501;0;0;0
236601;0;0;0
236701;0;0;0
236801;0;0;0
236901;0;0;0
237001;0;0;0
237101;70;360;0
237201;0;0;0
237301;0;0;0
237401;0;0;0
237501;0;0;0
237601;0;0;0
237701;0;0;0
237801;0;0;0
237901;0;0;0
238001;0;0;0
238101;0;0;0
238201;0;0;0
238301;0;0;0
238401;0;0;0
238501;0;0;0
238601;0;0;0
238701;0;0;0
238801;0;0;0
238901;0;0;0
239001;0;0;0
239101;0;0;0
239201;0;0;0
239301;0;0;0
239401;40;0;0
239501;0;10;0
239601;0;0;0
239701;10;0;0
239801;0;0;0
239901;0;0;0
240001;0;0;0
240101;0;0;0
240201;0;0;0
240301;0;0;0
240401;0;0;0
240501;20;0;0
240601;0;0;0
240701;10;0;0
240801;0;0;0
240901;0;0;0
241001;0;0;0
241101;0;0;0
241201;0;0;0
241301;0;0;0
241401;0;0;0
241501;50;20;0
241601;0;0;0
241701;100;0;60
241801;0;0;0
241901;0;0;0
242001;0;0;0
242101;0;0;0
242201;0;0;0
242301;0;0;0
242401;0;0;0
242501;0;0;0
242601;0;0;0
242701;0;0;0
242801;40;0;0
242901;0;0;0
243001;0;0;0
243101;10;40;0
243201;20;0;0
243301;10;0;0
243401;0;0;0
243501;0;0;0
243601;0;0;0
243701;0;0;0
243801;0;0;0
243901;0;0;0
244001;0;0;0
244101;0;0;0
244201;0;0;0
244301;0;0;0
244401;0;0;20
244501;0;0;0
244601;0;230;0
244701;0;0;0
244801;0;0;0
244901;0;0;0
245001;0;20;0
245101;0;20;0
245201;0;0;0
245301;0;110;0
245401;0;90;0
245501;0;0;0
245601;0;60;0
245701;0;0;0
245801;0;0;0
245901;0;160;0
246001;0;0;0
246101;10;0;0
246201;0;0;0
246301;0;0;0
246401;0;0;0
246501;0;0;0
246601;0;0;0
246701;0;0;0
246801;20;10;0
246901;0;0;0
247001;0;50;0
247101;0;0;0
247201;0;0;0
247301;0;0;0
247401;0;0;0
247501;0;0;0
247601;0;0;0
247701;20;0;0
247801;0;0;0
247901;0;0;0
248001;0;0;0
248101;0;0;0
248201;0;0;0
248301;0;0;0
248401;0;0;0
248501;0;0;0
248601;0;0;0
248701;0;0;0
248801;0;0;0
248901;0;0;0
249001;0;0;0
249101;0;0;0
249201;0;0;0
249301;0;0;0
249401;0;0;0
249501;0;30;0
249601;40;0;0
249701;0;0;0
249801;30;0;0
249901;0;0;0
250001;0;0;0
250101;0;0;0
250201;0;0;0
250301;0;0;0
250401;0;0;0
250501;30;0;0
250601;0;0;0
250701;0;0;0
250801;0;0;0
250901;40;60;0
251001;0;0;0
251101;0;0;0
251201;0;0;0
251301;0;70;0
251401;0;720;0
251501;10;90;0
251601;40;20;0
251701;0;0;0
251801;0;0;0
251901;0;0;0
252001;10;60;0
252101;0;0;0
252201;0;0;0
252301;0;0;0
252401;0;0;0
252501;0;0;0
252601;0;0;0
252701;0;0;0
252801;0;0;0
252901;0;0;0
253001;0;0;0
253101;100;200;0
253201;60;200;0
253301;0;150;0
253401;0;0;0
253501;0;0;0
253601;0;0;0
253701;0;0;0
253801;0;0;0
253901;0;0;0
254001;0;0;0
254101;0;0;0
254201;0;0;0
254301;0;0;0
254401;0;0;0
254501;0;0;0
254601;20;20;0
254701;0;0;0
254801;0;0;0
254901;0;0;0
255001;0;0;0
255101;0;0;0
255201;0;0;0
255301;0;0;0
255401;0;0;0
255501;0;0;0
255601;0;0;0
255701;0;0;0
255801;0;0;0
255901;0;0;0
256001;0;0;0
256101;0;0;0
256201;0;0;0
256301;70;0;0
256401;0;0;0
256501;0;0;0
256601;0;0;0
256701;0;0;0
256801;0;0;0
256901;0;0;0
257001;0;0;0
257101;0;0;0
257201;0;0;0
257301;0;0;0
257401;0;0;0
257501;0;0;0
257601;0;0;0
257701;0;0;0
257801;0;0;0
257901;0;0;0
258001;0;0;0
258101;0;0;0
258201;0;100;0
258301;0;0;0
258401;0;0;0
258501;0;0;0
258601;30;0;0
258701;0;0;0
258801;0;0;0
258901;10;0;0
259001;0;0;0
259101;0;0;0
259201;0;0;0
259301;0;0;0
259401;0;0;0
259501;0;0;0
259601;0;0;0
259701;0;0;0
259801;0;0;0
259901;110;30;300
260001;0;30;0
260101;0;160;0
260201;0;0;0
260301;150;0;0
260401;0;0;0
260501;0;0;0
260601;0;0;0
260701;0;0;0
260801;0;0;10
260901;0;0;0
261001;0;0;0
261101;0;0;0
261201;0;0;0
261301;0;0;0
261401;0;0;0
261501;0;0;0
261601;0;0;0
261701;0;0;0
261801;0;0;0
261901;0;0;0
262001;0;0;0
262101;0;0;0
262201;0;0;0
262301;0;0;0
262401;0;0;0
262501;0;0;0
262601;0;0;0
262701;0;0;0
262801;0;0;0
262901;0;0;0
263001;40;70;0
263101;0;0;0
263201;0;0;0
263301;10;20;0
263401;0;0;0
263501;0;0;0
263601;0;0;0
263701;0;0;0
263801;0;0;0
263901;0;0;0
264001;0;0;0
264101;0;0;0
264201;0;0;0
264301;0;0;0
264401;0;0;0
264501;0;0;0
264601;0;0;0
264701;0;0;0
264801;0;0;0
264901;0;0;0
265001;0;0;0
265101;0;0;0
265201;0;0;0
265301;0;0;0
265401;0;0;0
265501;0;0;0
265601;0;0;0
265701;0;0;0
265801;0;0;0
265901;0;0;0
266001;0;0;0
266101;0;0;0
266201;0;0;0
266301;0;0;0
266401;0;0;0
266501;0;0;0
266601;0;0;0
266701;0;0;0
266801;0;0;0
266901;0;0;0
267001;0;0;0
267101;0;0;0
267201;0;0;0
267301;0;0;0
267401;50;0;90
267501;0;0;0
267601;0;0;0
267701;0;0;0
267801;0;0;0
267901;0;0;0
268001;0;0;0
268101;0;0;0
268201;0;0;0
268301;0;0;0
268401;0;0;0
268501;0;0;0
268601;0;0;0
268701;0;0;0
268801;0;0;0
268901;0;0;0
269001;0;0;0
269101;0;0;0
269201;0;0;0
269301;0;0;0
269401;0;0;0
269501;0;0;0
269601;0;0;0
269701;0;0;0
269801;0;0;0
269901;0;0;0
270001;0;0;0
270101;0;0;0
270201;0;0;0
270301;10;0;0
270401;0;0;0
270501;0;0;0
270601;0;10;0
270701;0;0;0
270801;0;0;0
270901;0;10;0
271001;0;0;0
271101;0;0;0
271201;0;0;0
271301;0;0;0
271401;0;0;0
271501;20;0;0
271601;0;0;0
271701;0;0;0
271801;0;0;0
271901;0;0;0
272001;0;0;0
272101;0;0;0
272201;70;120;0
272301;1000;500;0
272401;0;0;0
272501;0;0;0
272601;0;0;0
272701;0;0;0
272801;0;0;0
272901;0;0;0
273001;0;0;0
273101;0;0;0
273201;0;0;0
273301;0;0;0
273401;0;0;0
273501;0;0;0
273601;70;0;0
273701;0;0;0
273801;0;0;0
273901;0;0;0
274001;0;0;0
274101;0;0;0
274201;0;0;0
274301;0;0;0
274401;10;0;0
274501;0;0;0
274601;0;0;0
274701;0;0;0
274801;0;0;0
274901;0;0;0
275001;0;0;0
275101;0;0;0
275201;0;0;0
275301;0;0;0
275401;0;0;0
275501;0;0;0
275601;0;0;0
275701;0;0;0
275801;0;0;0
275901;30;20;40
276001;0;0;0
276101;30;20;0
276201;0;0;0
276301;0;0;0
276401;0;0;0
276501;600;0;0
276601;0;0;0
276701;0;0;0
276801;0;0;0
276901;0;0;0
277001;60;0;0
277101;0;0;0
277201;0;40;0
277301;0;0;0
277401;0;0;0
277501;0;0;0
277601;0;0;0
277701;0;0;0
277801;0;0;0
277901;40;0;0
278001;20;0;0
278101;0;0;0
278201;0;0;0
278301;0;0;0
278401;0;0;0
278501;0;0;0
278601;0;0;0
278701;0;70;0
278801;0;0;0
278901;0;0;0
279001;20;0;0
279101;0;0;0
279201;40;0;20
279301;20;0;0
279401;0;0;0
279501;0;0;0
279601;0;140;0
279701;0;0;0
279801;0;0;0
279901;0;120;0
280001;0;0;0
280101;0;0;0
280201;0;0;0
280301;0;0;0
280401;0;0;0
280501;0;0;0
280601;0;0;0
280701;0;0;0
280801;0;0;0
280901;0;0;0
281001;0;0;0
281101;0;100;0
281201;0;0;0
281301;10;0;0
281401;0;0;0
281501;0;0;0
281601;0;50;0
281701;10;0;0
281801;80;0;0
281901;0;0;0
282001;50;0;0
282101;0;0;0
282201;20;0;0
282301;60;0;0
282401;0;0;0
282501;0;0;0
282601;0;0;0
282701;50;0;0
282801;60;0;0
282901;0;0;0
283001;0;0;0
283101;0;0;0
283201;0;0;0
283301;110;0;0
283401;0;0;0
283501;170;0;0
283601;0;0;0
283701;0;0;0
283801;20;0;0
283901;0;0;0
284001;20;60;0
284101;80;0;0
284201;0;0;0
284301;0;0;0
284401;60;0;0
284501;80;0;0
284601;0;0;0
284701;0;0;0
284801;0;0;0
284901;0;0;0
285001;0;0;0
285101;10;0;0
285201;0;0;0
285301;0;50;0
285401;0;0;0
285501;150;0;0
285601;0;0;0
285701;10;0;0
285801;0;0;0
285901;0;0;0
286001;10;0;0
286101;0;0;0
286201;0;0;0
286301;0;90;0
286401;10;0;0
286501;0;0;0
286601;0;0;0
286701;0;0;0
286801;0;0;0
286901;0;0;0
287001;0;0;0
287101;0;0;0
287201;0;0;0
287301;10;60;0
287401;0;0;0
287501;800;0;0
287601;0;0;0
287701;0;0;0
287801;0;0;0
287901;0;0;0
288001;80;0;0
288101;0;0;0
288201;180;300;0
288301;20;0;0
288401;0;0;0
288501;0;0;0
288601;320;10;0
288701;0;0;0
288801;0;0;0
288901;40;0;0
289001;760;0;0
289101;700;600;0
289201;690;0;0
289301;0;0;0
289401;0;0;0
289501;50;600;0
289601;0;0;0
289701;0;0;0
289801;0;0;0
289901;0;0;0
290001;0;0;0
290101;0;0;0
290201;0;0;0
290301;20;0;0
290401;0;0;0
290501;0;0;0
290601;20;40;0
290701;60;0;0
290801;0;0;0
290901;0;0;0
291001;0;10;0
291101;0;0;0
291201;0;0;0
291301;0;0;0
291401;0;0;0
291501;0;0;0
291601;0;0;0
291701;0;0;0
291801;0;0;0
291901;10;10;0
292001;0;0;0
292101;0;0;0
292201;0;0;0
292301;0;0;0
292401;0;0;0
292501;0;0;0
292601;110;0;0
292701;0;0;0
292801;0;0;0
292901;0;0;0
293001;10;0;0
293101;0;0;0
293201;150;0;0
293301;150;0;0
293401;30;0;0
293501;0;0;0
293601;0;0;0
293701;0;0;0
293801;0;0;0
293901;0;0;0
294001;0;0;0
294101;50;0;0
294201;0;0;0
294301;0;0;0
294401;0;0;0
294501;0;0;0
294601;0;0;0
294701;0;0;0
294801;0;0;0
294901;0;0;0
295001;0;0;0
295101;0;0;0
295201;0;0;0
295301;0;0;0
295401;0;0;0
295501;0;0;0
295601;0;0;0
295701;0;0;0
295801;0;0;0
295901;0;0;0
296001;120;0;0
296101;50;0;0
296201;0;0;0
296301;20;0;0
296401;0;20;0
296501;120;0;0
296601;0;0;0
296701;0;0;0
296801;0;0;0
296901;0;0;0
297001;0;0;0
297101;0;0;0
297201;50;0;0
297301;0;0;0
297401;0;10;0
297501;0;0;0
297601;0;0;0
297701;0;0;0
297801;0;0;0
297901;0;0;0
298001;0;0;0
298101;0;0;0
298201;0;0;0
298301;0;0;0
298401;20;0;0
298501;0;0;0
298601;0;0;0
298701;0;0;0
298801;10;0;0
298901;0;0;0
299001;0;0;0
299101;0;20;0
299201;0;0;0
299301;0;0;0
299401;0;0;0
299501;0;0;0
299601;300;0;0
299701;70;0;0
299801;20;10;0
299901;0;0;0
300001;0;0;0
300101;0;0;0
300201;60;0;0
300301;0;0;0
300401;0;0;0
300501;0;0;0
300601;0;0;0
300701;0;0;0
300801;0;0;0
300901;0;30;0
301001;0;0;0
301101;10;0;0
301201;50;20;0
301301;20;20;0
301401;40;0;0
301501;0;0;0
301601;20;0;0
301701;0;0;0
301801;0;0;0
301901;0;0;0
302001;20;0;0
302101;30;80;0
302201;20;0;0
302301;0;0;0
302401;0;0;0
302501;10;0;0
302601;0;0;0
302701;40;0;0
302801;0;0;0
302901;50;100;0
303001;300;0;0
303101;10;0;0
303201;80;0;0
303301;0;0;0
303401;0;0;0
303501;100;10;0
303601;0;0;0
303701;10;0;0
303801;20;70;0
303901;0;40;0
304001;0;0;0
304101;0;0;0
304201;0;0;0
304301;0;0;0
304401;10;0;0
304501;0;10;0
304601;0;0;0
304701;20;0;0
304801;60;0;0
304901;10;70;0
305001;0;0;0
305101;20;20;0
305201;0;0;0
305301;0;0;0
305401;0;0;0
305501;10;0;0
305601;0;0;0
305701;0;0;0
305801;0;0;0
305901;0;0;0
306001;0;0;0
306101;0;0;0
306201;0;0;0
306301;0;0;0
306401;0;0;0
306501;20;0;0
306601;0;0;0
306701;0;0;0
306801;0;0;0
306901;20;0;0
307001;20;10;0
307101;0;0;0
307201;0;0;0
307301;0;0;0
307401;0;0;0
307501;0;0;0
307601;0;0;0
307701;30;0;0
307801;0;0;0
307901;0;0;0
308001;0;0;0
308101;0;0;0
308201;0;0;0
308301;0;0;0
308401;20;0;0
308501;0;0;0
308601;0;0;0
308701;0;0;0
308801;0;0;0
308901;0;0;0
309001;10;0;0
309101;10;0;0
309201;0;0;0
309301;0;0;0
309401;70;0;10
309501;0;0;0
309601;0;0;0
309701;40;0;0
309801;80;0;10
309901;0;0;0
310001;10;30;0
310101;10;0;50
310201;0;0;0
310301;0;0;0
310401;0;0;0
310501;0;0;0
310601;0;0;0
310701;0;0;0
310801;0;0;0
310901;0;0;0
311001;0;0;0
311101;10;0;0
311201;0;0;0
311301;0;0;0
311401;0;0;0
311501;0;0;0
311601;0;0;0
311701;10;0;0
311801;10;0;0
311901;0;0;0
312001;10;0;0
312101;0;0;0
312201;0;0;0
312301;0;0;0
312401;0;0;0
312501;0;0;0
312601;0;0;0
312701;0;0;0
312801;0;0;20
312901;0;0;0
313001;20;0;0
313101;0;0;0
313201;0;0;0
313301;0;0;0
313401;0;0;0
313501;0;0;0
313601;0;0;0
313701;0;0;0
313801;0;0;0
313901;0;0;0
314001;0;0;0
314101;0;0;0
314201;0;0;0
314301;10;0;0
314401;30;0;0
314501;0;0;0
314601;0;0;0
314701;0;0;0
314801;0;0;10
314901;0;0;0
315001;10;0;0
315101;10;0;0
315201;0;0;0
315301;0;0;0
315401;0;0;0
315501;0;0;0
315601;0;0;0
315701;0;0;0
315801;0;0;0
315901;0;0;0
316001;10;0;0
316101;0;0;0
316201;0;0;0
316301;0;0;0
316401;30;0;0
316501;0;0;0
316601;0;0;0
316701;30;0;0
316801;0;0;0
316901;0;0;0
317001;0;0;0
317101;0;0;0
317201;0;0;0
317301;0;0;0
317401;0;0;0
317501;10;0;0
317601;10;0;0
317701;0;0;0
317801;0;0;0
317901;10;0;0
318001;10;0;0
318101;70;0;20
318201;0;0;0
318301;0;0;0
318401;0;0;0
318501;0;0;0
318601;0;0;0
318701;0;0;0
318801;10;0;0
318901;30;0;0
319001;0;0;0
319101;0;0;0
319201;0;0;0
319301;0;0;0
319401;0;0;0
319501;0;0;0
319601;0;0;0
319701;0;0;0
319801;0;0;0
319901;0;0;0
320001;0;0;0
320101;0;0;0
320201;0;0;0
320301;0;0;0
320401;50;0;0
320501;0;0;0
320601;20;0;0
320701;0;0;0
320801;0;0;0
320901;0;0;0
321001;0;0;0
321101;10;0;0
321201;20;0;0
321301;10;0;0
321401;0;0;0
321501;0;0;0
321601;0;0;0
321701;130;0;20
321801;0;0;0
321901;0;0;0
322001;0;0;0
322101;10;0;0
322201;0;0;0
322301;10;0;0
322401;0;0;0
322501;0;0;0
322601;0;0;0
322701;0;0;0
322801;0;0;0
322901;0;0;0
323001;0;0;0
323101;0;0;0
323201;0;0;0
323301;0;0;0
323401;0;0;0
323501;0;0;0
323601;0;0;0
323701;0;0;0
323801;0;0;0
323901;0;0;0
324001;0;0;0
324101;0;0;0
324201;0;0;0
324301;30;0;0
324401;10;0;0
324501;10;0;0
324601;0;0;0
324701;0;0;0
324801;0;0;0
324901;0;0;0
325001;0;0;0
325101;10;0;0
325201;0;0;0
325301;0;0;0
325401;0;0;0
325501;0;0;0
325601;0;0;0
325701;10;10;0
325801;0;0;0
325901;0;0;0
326001;0;0;0
326101;0;0;0
326201;0;0;0
326301;0;0;0
326401;0;0;0
326501;0;0;0
326601;40;0;0
326701;0;0;0
326801;0;0;0
326901;0;20;0
327001;0;0;0
327101;0;0;0
327201;0;0;0
327301;0;0;0
327401;0;0;0
327501;0;0;0
327601;0;0;0
327701;0;0;0
327801;0;0;0
327901;30;0;10
328001;20;0;0
328101;0;0;0
328201;0;0;40
328301;0;0;0
328401;10;0;0
328501;0;0;0
328601;20;0;0
328701;0;0;0
328801;10;0;20
328901;10;0;0
329001;0;0;0
329101;0;0;0
329201;0;0;0
329301;0;0;0
329401;0;0;0
329501;20;0;0
329601;0;0;0
329701;0;0;0
329801;0;0;0
329901;0;0;0
330001;0;0;0
330101;0;0;0
330201;0;0;0
330301;0;0;0
330401;0;0;0
330501;0;0;0
330601;0;0;0
330701;0;0;0
330801;130;60;20
330901;0;200;0
331001;10;10;0
331101;40;60;0
331201;0;0;0
331301;0;0;0
331401;0;0;20
331501;10;0;30
331601;0;0;0
331701;0;0;0
331801;10;10;0
331901;0;0;0
332001;40;0;0
332101;0;0;0
332201;30;10;0
332301;20;0;0
332401;0;30;0
332501;40;0;0
332601;10;0;0
332701;0;0;0
332801;20;10;0
332901;50;20;0
333001;0;0;0
333101;0;0;0
333201;0;200;0
333301;10;0;0
333401;30;20;0
333501;30;20;0
333601;20;10;0
333701;10;0;0
333801;0;0;0
333901;0;30;0
334001;0;0;0
334101;50;0;0
334201;380;200;20
334301;20;0;0
334401;30;0;0
334501;0;50;0
334601;10;0;0
334701;0;0;0
334801;0;0;0
334901;0;0;0
335001;0;0;0
335101;0;0;0
335201;0;0;0
335301;0;0;0
335401;0;0;0
335501;0;0;0
335601;0;0;0
335701;0;0;0
335801;0;0;0
335901;0;0;0
336001;0;0;0
336101;0;0;0
336201;0;0;0
336301;0;0;0
336401;0;0;0
336501;0;0;0
336601;30;0;0
336701;10;0;0
336801;10;0;0
336901;40;50;0
337001;20;0;70
337101;60;110;0
337201;20;0;0
337301;0;0;40
337401;0;0;0
337501;0;0;50
337601;0;0;0
337701;40;20;0
337801;0;0;0
337901;0;0;0
338001;20;30;0
338101;0;0;0
338201;0;0;0
338301;0;0;0
338401;0;0;0
338501;0;0;0
338601;0;0;0
338701;0;0;0
338801;0;0;0
338901;0;0;0
339001;0;0;0
339101;0;0;0
339201;0;0;0
339301;0;0;0
339401;0;0;0
339501;0;0;0
339601;0;0;0
339701;0;40;0
339801;0;0;0
339901;0;0;90
340001;0;0;0
340101;50;40;0
340201;0;0;0
340301;0;0;0
340401;0;0;0
340501;40;30;0
340601;0;13200;0
340701;0;0;0
340801;0;0;0
340901;0;0;0
341001;0;0;0
341101;0;0;0
341201;0;20;0
341301;0;0;0
341401;0;0;0
341501;0;0;0
341601;0;0;0
341701;0;0;0
341801;0;0;0
341901;0;0;0
342001;0;0;0
342101;0;0;0
342201;0;0;0
342301;0;0;0
342401;0;0;0
342501;0;0;0
342601;0;0;0
342701;20;800;0
342801;0;0;0
342901;0;0;0
343001;0;0;0
343101;0;0;0
343201;0;0;0
343301;0;0;0
343401;0;0;0
343501;0;0;0
343601;0;0;0
343701;0;0;0
343801;0;0;0
343901;0;0;0
344001;0;0;0
344101;10;20;0
344201;30;0;100
344301;0;0;0
344401;0;0;0
344501;0;0;0
344601;20;0;0
344701;10;30;0
344801;0;0;0
344901;0;0;0
345001;0;0;0
345101;30;70;0
345201;0;0;0
345301;0;0;0
345401;0;0;0
345501;0;0;0
345601;0;0;0
345701;0;0;0
345801;10;30;0
345901;20;0;0
346001;0;0;0
346101;0;0;0
346201;30;10;0
346301;0;0;0
346401;0;0;0
346501;10;0;0
346601;0;0;0
346701;10;20;0
346801;0;0;0
346901;0;0;0
347001;0;0;0
347101;0;0;0
347201;0;0;0
347301;0;0;0
347401;0;0;0
347501;10;20;0
347601;10;20;0
347701;0;0;0
347801;0;30;0
347901;0;0;0
348001;0;0;0
348101;0;0;0
348201;0;0;0
348301;40;0;0
348401;0;0;0
348501;0;0;0
348601;0;0;0
348701;0;70;0
348801;0;0;0
348901;0;0;0
349001;0;0;0
349101;20;80;0
349201;70;10;0
349301;0;0;0
349401;0;0;0
349501;0;0;0
349601;0;0;0
349701;0;0;0
349801;0;0;0
349901;0;0;0
350001;0;0;0
350101;10;20;10
350201;0;0;0
350301;80;0;160
350401;0;0;0
350501;50;0;40
350601;0;0;0
350701;50;940;0
350801;0;0;0
350901;0;0;0
351001;0;0;0
351101;0;0;0
351201;0;0;0
351301;0;0;0
351401;0;0;0
351501;0;0;0
351601;0;0;0
351701;0;0;0
351801;0;0;0
351901;0;0;10
352001;50;70;0
352101;0;0;0
352201;0;0;0
352301;0;0;0
352401;0;20;0
352501;0;0;0
352601;0;0;0
352701;0;20;0
352801;0;0;0
352901;0;0;0
353001;0;0;0
353101;0;0;0
353201;0;40;0
353301;0;0;0
353401;0;0;0
353501;0;0;0
353601;0;0;0
353701;0;0;0
353801;0;0;0
353901;0;0;0
354001;0;0;0
354101;0;0;0
354201;0;0;0
354301;0;0;0
354401;0;0;0
354501;0;0;0
354601;0;0;0
354701;0;0;0
354801;0;0;0
354901;50;0;0
355001;0;0;0
355101;0;40;0
355201;40;0;0
355301;40;0;0
355401;0;0;0
355501;30;20;0
355601;30;0;0
355701;0;0;0
355801;0;0;0
355901;0;0;0
356001;0;0;0
356101;0;0;0
356201;0;0;0
356301;0;0;0
356401;0;30;0
356501;0;0;0
356601;0;0;0
356701;10;0;0
356801;0;0;0
356901;0;0;0
357001;0;0;0
357101;0;0;0
357201;0;0;0
357301;0;0;0
357401;0;0;0
357501;0;0;0
357601;0;0;0
357701;0;0;0
357801;0;0;0
357901;0;0;0
358001;0;0;0
358101;0;0;0
358201;0;0;0
358301;0;0;0
358401;0;0;0
358501;0;0;0
358601;0;0;0
358701;40;0;0
358801;0;0;0
358901;0;0;0
359001;0;0;0
359101;0;0;0
359201;0;0;0
359301;0;0;0
359401;0;0;0
359501;0;0;0
359601;0;0;0
359701;0;0;0
359801;0;0;0
359901;0;0;0
360001;0;10;0
360101;0;0;0
360201;0;0;0
360301;0;0;0
360401;0;0;0
360501;0;30;0
360601;0;0;0
360701;0;0;0
360801;20;10;0
360901;0;0;0
361001;0;0;0
361101;0;0;0
361201;710;640;0
361301;0;10;0
361401;0;0;0
361501;0;0;0
361601;0;90;0
361701;20;0;0
361801;0;0;0
361901;0;80;0
362001;0;0;0
362101;0;0;0
362201;0;0;0
362301;10;10;0
362401;0;0;0
362501;0;0;0
362601;0;0;0
362701;0;0;0
362801;0;30;0
362901;0;0;0
363001;0;0;0
363101;0;0;0
363201;30;20;0
363301;0;0;0
363401;30;20;0
363501;0;0;0
363601;0;0;0
363701;0;0;0
363801;0;0;0
363901;0;0;0
364001;0;0;0
364101;0;0;0
364201;0;0;0
364301;0;0;0
364401;120;120;0
364501;0;0;0
364601;0;0;0
364701;0;0;0
364801;0;0;0
364901;0;0;0
365001;0;0;0
365101;0;0;0
365201;0;0;0
365301;0;0;0
365401;0;0;0
365501;0;0;0
365601;0;0;0
365701;0;0;0
365801;0;0;0
365901;0;0;0
366001;0;0;0
366101;0;0;0
366201;0;0;0
366301;0;20;0
366401;0;0;0
366501;0;0;0
366601;0;0;0
366701;0;0;0
366801;0;0;0
366901;0;0;0
367001;0;0;0
367101;0;0;0
367201;0;0;0
367301;10;20;0
367401;0;0;0
367501;0;0;0
367601;0;0;0
367701;0;0;0
367801;0;0;0
367901;0;0;0
368001;0;0;0
368101;0;0;0
368201;0;0;0
368301;0;0;0
368401;40;20;0
368501;40;20;0
368601;0;0;0
368701;0;20;0
368801;0;0;0
368901;0;0;0
369001;0;0;0
369101;0;0;0
369201;0;0;0
369301;0;0;0
369401;0;0;0
369501;0;0;0
369601;0;0;0
369701;0;0;0
369801;0;0;0
369901;0;0;0
370001;0;0;0
370101;0;0;0
370201;0;0;0
370301;0;0;260
370401;0;0;0
370501;50;0;0
370601;0;0;0
370701;0;0;0
370801;30;110;0
370901;0;0;0
371001;0;0;0
371101;0;0;0
371201;0;0;0
371301;0;0;0
371401;0;0;0
371501;40;0;0
371601;0;0;0
371701;0;0;0
371801;0;0;0
371901;0;10;0
372001;0;20;0
372101;40;120;0
372201;20;0;0
372301;50;110;0
372401;0;0;0
372501;0;0;0
372601;0;0;0
372701;0;0;0
372801;0;0;0
372901;0;0;0
373001;0;0;0
373101;0;0;0
373201;0;0;0
373301;0;0;0
373401;0;0;0
373501;10;10;0
373601;0;0;0
373701;0;0;0
373801;0;0;0
373901;0;0;0
374001;0;0;0
374101;0;0;0
374201;0;0;0
374301;0;0;0
374401;0;0;0
374501;0;0;0
374601;0;0;0
374701;0;0;0
374801;0;0;0
374901;20;10;0
375001;0;0;0
375101;0;0;0
375201;0;0;0
375301;0;0;0
375401;0;0;0
375501;20;0;0
375601;0;210;0
375701;0;0;0
375801;0;0;0
375901;0;0;0
376001;0;0;0
376101;0;0;0
376201;0;0;0
376301;0;0;0
376401;0;0;0
376501;0;0;0
376601;0;0;0
376701;0;0;0
376801;0;0;0
376901;0;0;0
377001;0;0;0
377101;0;0;0
377201;40;300;0
377301;0;0;0
377401;0;0;0
377501;0;0;0
377601;0;0;0
377701;0;0;0
377801;0;0;0
377901;0;0;0
378001;0;0;0
378101;0;0;0
378201;0;0;0
378301;0;0;0
378401;0;0;0
378501;0;0;0
378601;20;0;0
378701;0;0;0
378801;0;0;0
378901;0;0;0
379001;20;0;0
379101;0;20;0
379201;0;0;0
379301;0;0;0
379401;0;0;0
379501;0;0;0
379601;0;0;0
379701;20;0;0
379801;0;0;0
379901;0;0;0
380001;0;0;0
380101;0;0;0
380201;0;0;0
380301;0;0;0
380401;0;0;0
380501;0;0;0
380601;0;0;0
380701;0;0;0
380801;0;0;0
380901;0;0;0
381001;0;0;0
381101;0;0;0
381201;0;0;0
381301;340;230;100
381401;0;0;0
381501;0;0;40
381601;0;0;0
381701;0;0;0
381801;0;0;0
381901;0;0;0
382001;0;0;0
382101;0;0;0
382201;0;0;0
382301;0;0;0
382401;0;0;0
382501;0;40;0
382601;0;0;0
382701;0;0;0
382801;70;0;0
382901;0;0;0
383001;0;0;0
383101;0;200;0
383201;0;100;0
383301;10;0;0
383401;0;0;0
383501;0;0;0
383601;0;40;0
383701;0;10;0
383801;0;170;0
383901;0;50;0
384001;0;0;0
384101;0;30;0
384201;0;0;0
384301;10;0;0
384401;0;0;0
384501;0;0;0
384601;0;0;0
384701;0;0;0
384801;0;0;0
384901;10;50;0
385001;0;0;0
385101;0;0;0
385201;0;0;0
385301;0;0;0
385401;0;0;0
385501;0;0;0
385601;0;0;0
385701;0;0;0
385801;0;0;0
385901;550;310;130
386001;10;0;0
386101;0;0;0
386201;0;0;0
386301;10;0;0
386401;0;0;0
386501;0;0;0
386601;0;20;0
386701;0;0;0
386801;0;50;0
386901;0;0;0
387001;0;0;0
387101;30;0;0
387201;0;0;0
387301;0;0;0
387401;40;30;0
387501;0;0;0
387601;30;40;0
387701;0;0;0
387801;0;0;0
387901;0;0;0
388001;0;0;0
388101;10;30;0
388201;0;0;0
388301;0;0;40
388401;0;0;0
388501;0;0;0
388601;20;0;0
388701;0;0;0
388801;0;30;0
388901;0;0;0
389001;0;0;0
389101;0;0;0
389201;0;0;0
389301;0;0;0
389401;0;0;0
389501;0;0;0
389601;0;0;0
389701;10;0;0
389801;0;0;0
389901;0;0;0
390001;0;0;0
390101;30;0;0
390201;0;0;0
390301;0;0;0
390401;560;600;0
390501;0;0;0
390601;0;0;0
390701;0;0;0
390801;0;0;0
390901;0;0;0
391001;0;0;0
391101;0;0;0
391201;0;0;0
391301;0;0;0
391401;0;0;0
391501;0;0;0
391601;0;0;0
391701;0;0;0
391801;0;0;0
391901;0;0;0
392001;0;0;0
392101;0;0;0
392201;0;0;0
392301;0;0;0
392401;0;0;0
392501;0;0;0
392601;0;370;40
392701;0;0;0
392801;20;320;20
392901;0;0;0
393001;0;0;0
393101;0;0;0
393201;0;0;0
393301;0;180;0
393401;0;0;0
393501;0;500;0
393601;0;0;0
393701;0;0;0
393801;0;0;0
393901;0;0;0
394001;0;0;0
394101;0;0;0
394201;0;0;0
394301;0;0;0
394401;0;0;0
394501;0;0;0
394601;0;0;0
394701;0;0;0
394801;0;0;0
394901;0;40;0
395001;0;0;0
395101;0;0;0
395201;0;0;0
395301;0;0;0
395401;0;0;0
395501;0;20;0
395601;0;0;0
395701;0;200;0
395801;0;0;0
395901;0;160;0
396001;0;0;0
396101;0;10;0
396201;0;0;0
396301;10;0;60
396401;0;0;0
396501;0;40;0
396601;0;0;0
396701;0;0;0
396801;0;0;0
396901;0;0;0
397001;0;0;0
397101;0;0;0
397201;0;0;0
397301;0;0;0
397401;80;130;0
397501;0;0;0
397601;0;0;0
397701;0;0;0
397801;0;0;0
397901;0;0;0
398001;0;0;0
398101;60;0;0
398201;0;0;0
398301;60;0;0
398401;0;0;0
398501;30;0;60
398601;80;30;60
398701;0;0;0
398801;100;0;0
398901;370;0;270
399001;110;0;0
399101;0;0;0
399201;0;70;0
399301;0;0;0
399401;0;0;0
399501;0;0;0
399601;0;0;0
399701;0;0;0
399801;0;0;0
399901;0;0;0
400001;0;0;0
400101;0;0;0
400201;0;0;0
400301;0;0;0
400401;0;0;0
400501;0;0;0
400601;0;0;0
400701;0;0;0
400801;0;0;0
400901;0;0;0
401001;0;0;0
401101;10;0;0
401201;20;0;0
401301;20;10;0
401401;0;0;0
401501;0;0;0
401601;0;0;0
401701;0;0;0
401801;40;30;0
401901;0;0;0
402001;0;0;0
402101;0;0;0
402201;200;0;0
402301;0;0;0
402401;0;0;0
402501;30;0;0
402601;0;0;0
402701;50;0;70
402801;50;20;0
402901;0;0;0
403001;0;0;0
403101;0;0;0
403201;0;0;0
403301;0;0;0
403401;0;0;0
403501;0;0;0
403601;0;0;0
403701;0;0;0
403801;0;0;0
403901;0;0;0
404001;0;0;0
404101;0;0;0
404201;40;0;0
404301;0;0;0
404401;0;0;0
404501;0;0;0
404601;20;0;0
404701;0;0;0
404801;0;0;0
404901;0;0;0
405001;0;0;0
405101;0;0;0
405201;0;0;0
405301;0;0;0
405401;30;0;0
405501;0;0;0
405601;0;0;0
405701;0;0;0
405801;0;0;0
405901;0;0;0
406001;40;70;10
406101;0;0;0
406201;0;0;0
406301;0;0;0
406401;0;0;0
406501;0;0;0
406601;0;0;0
406701;0;0;0
406801;0;0;0
406901;0;0;0
407001;0;0;0
407101;0;0;0
407201;0;0;0
407301;60;0;30
407401;0;0;0
407501;0;0;0
407601;0;0;0
407701;0;0;0
407801;0;0;0
407901;0;0;0
408001;0;0;0
408101;0;0;0
408201;0;0;0
408301;0;0;0
408401;0;0;0
408501;0;0;0
408601;0;0;0
408701;0;0;0
408801;0;0;0
408901;0;0;0
409001;0;0;0
409101;0;0;0
409201;0;0;0
409301;0;0;0
409401;0;0;0
409501;0;0;0
409601;0;0;0
409701;0;0;0
409801;10;0;0
409901;0;0;0
410001;0;0;0
410101;0;0;0
410201;0;0;0
410301;0;0;0
410401;0;0;0
410501;0;0;0
410601;500;0;0
410701;0;0;0
410801;180;0;80
410901;0;0;0
411001;0;0;0
411101;10;0;0
411201;0;0;0
411301;0;0;0
411401;0;0;0
411501;10;0;0
411601;0;0;0
411701;20;0;0
411801;110;0;0
411901;20;0;0
412001;40;0;50
412101;0;0;0
412201;0;0;0
412301;0;0;0
412401;0;0;0
412501;20;0;0
412601;0;0;0
412701;30;0;0
412801;0;0;0
412901;30;0;0
413001;120;70;0
413101;0;0;0
413201;50;0;0
413301;0;0;0
413401;40;0;0
413501;0;0;0
413601;0;0;0
413701;0;20;0
413801;0;0;10
413901;50;200;0
414001;0;0;0
414101;0;0;0
414201;0;0;0
414301;0;0;0
414401;0;0;0
414501;0;0;0
414601;0;0;0
414701;40;0;0
414801;0;10;0
414901;0;0;0
415001;0;0;0
415101;60;0;0
415201;0;0;0
415301;0;0;0
415401;0;0;0
415501;0;0;0
415601;0;0;0
415701;0;0;0
415801;0;0;0
415901;0;0;0
416001;0;0;0
416101;0;0;0
416201;0;0;0
416301;0;0;0
416401;0;0;0
416501;0;0;0
416601;20;0;0
416701;0;0;0
416801;0;0;0
416901;10;0;0
417001;20;0;0
417101;5000;1500;0
417201;30;0;0
417301;0;0;0
417401;10;20;0
417501;0;0;0
417601;0;0;0
417701;0;0;0
417801;0;0;0
417901;0;0;0
418001;0;0;0
418101;0;0;0
418201;0;0;0
418301;0;0;0
418401;0;0;0
418501;0;0;0
418601;0;0;0
418701;0;0;0
418801;0;0;0
418901;0;0;0
419001;30;10;0
419101;0;0;0
419201;0;0;0
419301;0;0;0
419401;10;0;0
419501;0;0;0
419601;0;0;0
419701;0;0;0
419801;0;0;0
419901;10;30;0
420001;10;0;0
420101;0;10;0
420201;0;0;0
420301;0;0;0
420401;0;0;0
420501;50;220;0
420601;10;0;0
420701;0;10;0
420801;0;0;0
420901;0;0;0
421001;0;0;0
421101;0;0;0
421201;0;0;0
421301;0;0;0
421401;0;0;0
421501;0;0;0
421601;0;0;0
421701;0;0;0
421801;0;0;0
421901;0;0;0
422001;0;0;0
422101;30;0;0
422201;0;0;0
422301;0;0;0
422401;0;0;0
422501;0;0;0
422601;0;0;0
422701;40;0;0
422801;0;0;0
422901;0;0;0
423001;10;0;0
423101;0;0;0
423201;0;0;0
423301;0;0;0
423401;0;0;0
423501;0;0;0
423601;0;0;0
423701;0;0;0
423801;0;0;0
423901;0;0;0
424001;0;0;0
424101;0;0;0
424201;0;0;0
424301;0;0;0
424401;0;0;0
424501;0;0;0
424601;0;0;0
424701;0;0;0
424801;0;0;0
424901;0;0;0
425001;40;0;0
425101;0;0;0
425201;0;0;0
425301;0;0;0
425401;0;0;0
425501;0;0;0
425601;20;0;0
425701;0;0;0
425801;0;0;0
425901;0;0;0
426001;0;0;0
426101;0;0;0
426201;0;0;0
426301;20;0;0
426401;0;50;0
426501;0;0;0
426601;0;0;0
426701;30;0;0
426801;0;0;0
426901;10;20;0
427001;0;100;0
427101;0;0;0
427201;30;0;0
427301;10;70;0
427401;0;0;0
427501;0;0;0
427601;0;0;0
427701;0;0;0
427801;0;0;0
427901;0;0;0
428001;0;0;0
428101;0;0;0
428201;0;0;0
428301;10;0;0
428401;60;0;0
428501;0;0;0
428601;10;10;0
428701;0;0;0
428801;0;0;0
428901;0;0;0
429001;0;0;0
429101;0;0;0
429201;0;30;0
429301;0;30;0
429401;0;0;0
429501;0;1500;0
429601;0;80;0
429701;20;0;0
429801;20;0;0
429901;40;0;0
430001;0;0;0
430101;20;40;0
430201;50;0;0
430301;30;0;0
430401;50;0;0
430501;0;0;0
430601;10;90;0
430701;0;0;0
430801;0;0;0
430901;0;0;0
431001;0;0;0
431101;0;0;0
431201;0;0;0
431301;0;0;0
431401;0;0;0
431501;0;0;0
431601;0;0;0
431701;0;0;0
431801;0;0;0
431901;0;0;0
432001;0;0;0
432101;230;0;0
432201;0;0;0
432301;0;0;0
432401;0;0;0
432501;0;0;0
432601;0;0;0
432701;0;0;0
432801;100;0;0
432901;0;0;0
433001;0;0;0
433101;0;0;0
433201;0;0;0
433301;0;0;0
433401;0;0;0
433501;0;0;0
433601;40;0;0
433701;0;0;0
433801;0;0;0
433901;0;0;0
434001;0;0;0
434101;0;0;0
434201;0;0;0
434301;0;0;0
434401;10;0;0
434501;0;0;0
434601;0;0;0
434701;0;0;0
434801;0;0;0
434901;0;0;0
435001;10;0;0
435101;0;0;0
435201;0;0;0
435301;0;0;0
435401;0;0;0
435501;0;0;0
435601;0;0;0
435701;20;0;0
435801;0;0;0
435901;0;0;0
436001;0;0;0
436101;0;0;0
436201;0;0;0
436301;0;0;0
436401;0;0;0
436501;0;0;0
436601;0;0;0
436701;0;0;0
436801;0;0;0
436901;0;0;0
437001;0;0;0
437101;0;0;0
437201;0;0;0
437301;0;0;0
437401;0;0;0
437501;0;0;0
