IDimpacto_material;Houses Destroyed;Houses Damaged
102;0;400
202;0;0
302;0;0
402;0;600
502;10;20
602;0;0
702;10;0
802;40;0
902;0;10
1002;0;400
1102;0;0
1202;0;10
1302;0;0
1402;0;0
1502;0;0
1602;0;20
1702;0;20
1802;0;1250
1902;120;190
2002;0;0
2102;0;3000
2202;0;0
2302;0;0
2402;0;0
2502;0;0
2602;0;0
2702;10;0
2802;0;0
2902;0;0
3002;30;0
3102;0;400
3202;0;0
3302;0;3390
3402;0;50
3502;20;0
3602;0;30
3702;0;160
3802;0;0
3902;10;360
4002;0;0
4102;0;0
4202;0;100
4302;30;70
4402;0;350
4502;0;0
4602;0;30
4702;30;1750
4802;120;80
4902;0;0
5002;0;0
5102;0;0
5202;0;0
5302;0;1500
5402;0;370
5502;10;0
5602;0;0
5702;0;970
5802;0;200
5902;0;150
6002;0;20
6102;0;0
6202;0;0
6302;0;0
6402;0;70
6502;0;700
6602;0;600
6702;0;280
6802;0;310
6902;0;120
7002;0;10
7102;0;10
7202;0;250
7302;0;0
7402;0;0
7502;0;250
7602;0;30
7702;0;0
7802;0;0
7902;70;310
8002;0;0
8102;0;440
8202;0;410
8302;0;0
8402;0;0
8502;0;1040
8602;10;0
8702;0;0
8802;0;20
8902;150;0
9002;10;0
9102;0;0
9202;0;3520
9302;70;1270
9402;0;0
9502;0;0
9602;0;0
9702;0;50
9802;0;0
9902;0;20
10002;0;0
10102;0;0
10202;0;130
10302;0;0
10402;0;500
10502;0;0
10602;0;320
10702;0;60
10802;10;70
10902;0;0
11002;0;0
11102;0;0
11202;0;0
11302;0;0
11402;0;0
11502;0;0
11602;0;0
11702;0;0
11802;0;0
11902;0;150
12002;0;0
12102;0;720
12202;10;0
12302;0;0
12402;0;0
12502;0;300
12602;0;0
12702;0;0
12802;0;0
12902;0;0
13002;0;0
13102;0;0
13202;0;0
13302;0;0
13402;0;0
13502;0;0
13602;0;0
13702;0;0
13802;0;0
13902;0;0
14002;0;0
14102;0;0
14202;0;0
14302;0;0
14402;0;0
14502;0;0
14602;0;0
14702;0;0
14802;0;0
14902;0;0
15002;0;0
15102;0;0
15202;0;0
15302;0;0
15402;330;80
15502;20;0
15602;0;0
15702;0;0
15802;0;0
15902;0;0
16002;0;0
16102;0;0
16202;0;0
16302;0;0
16402;0;0
16502;0;0
16602;0;0
16702;10;0
16802;0;0
16902;0;0
17002;0;0
17102;0;0
17202;0;0
17302;0;0
17402;0;0
17502;0;0
17602;0;0
17702;0;0
17802;0;0
17902;0;0
18002;0;0
18102;0;0
18202;0;0
18302;0;0
18402;0;0
18502;0;0
18602;0;0
18702;0;0
18802;0;0
18902;0;0
19002;0;0
19102;0;0
19202;0;0
19302;0;0
19402;0;0
19502;0;0
19602;0;0
19702;0;0
19802;0;0
19902;0;0
20002;0;0
20102;0;0
20202;0;0
20302;0;0
20402;0;0
20502;0;0
20602;0;0
20702;0;0
20802;0;0
20902;0;0
21002;0;0
21102;0;0
21202;0;0
21302;40;90
21402;0;0
21502;0;0
21602;0;0
21702;0;0
21802;0;20
21902;0;10
22002;0;0
22102;0;0
22202;0;0
22302;10;0
22402;20;0
22502;0;0
22602;0;0
22702;0;10
22802;0;0
22902;0;0
23002;0;0
23102;0;0
23202;0;0
23302;0;100
23402;0;0
23502;0;110
23602;0;150
23702;0;0
23802;0;0
23902;0;50
24002;0;0
24102;10;0
24202;0;0
24302;0;0
24402;0;0
24502;0;0
24602;0;0
24702;0;10
24802;0;0
24902;0;10
25002;0;0
25102;0;10
25202;0;10
25302;0;0
25402;0;0
25502;0;10
25602;10;0
25702;0;0
25802;0;0
25902;0;0
26002;0;10
26102;0;10
26202;0;610
26302;0;0
26402;0;0
26502;0;0
26602;0;0
26702;0;0
26802;0;350
26902;0;200
27002;0;0
27102;70;0
27202;0;0
27302;0;20
27402;0;100
27502;0;10
27602;0;0
27702;0;0
27802;0;1100
27902;0;370
28002;0;0
28102;0;0
28202;0;40
28302;0;70
28402;0;10
28502;0;0
28602;0;0
28702;0;130
28802;0;0
28902;0;0
29002;10;0
29102;0;0
29202;0;70
29302;0;0
29402;0;0
29502;0;110
29602;0;300
29702;0;400
29802;0;600
29902;0;80
30002;0;0
30102;0;0
30202;0;0
30302;0;0
30402;0;630
30502;10;0
30602;0;0
30702;0;0
30802;0;0
30902;10;0
31002;10;20
31102;0;0
31202;0;0
31302;0;10
31402;0;10
31502;0;0
31602;0;0
31702;0;10
31802;0;10
31902;0;50
32002;0;10
32102;10;0
32202;10;10
32302;0;10
32402;0;160
32502;0;130
32602;0;0
32702;0;1420
32802;10;10
32902;0;1500
33002;0;0
33102;0;0
33202;0;0
33302;0;0
33402;0;0
33502;0;0
33602;0;0
33702;0;0
33802;10;0
33902;0;10
34002;0;0
34102;30;0
34202;0;0
34302;0;10
34402;0;0
34502;0;0
34602;0;20
34702;0;0
34802;0;0
34902;0;0
35002;0;0
35102;0;0
35202;70;0
35302;0;0
35402;0;0
35502;0;0
35602;0;0
35702;0;0
35802;0;0
35902;0;0
36002;0;0
36102;0;0
36202;0;0
36302;0;0
36402;0;0
36502;0;0
36602;0;0
36702;0;0
36802;0;0
36902;0;0
37002;0;0
37102;0;90
37202;0;0
37302;0;0
37402;0;0
37502;160;250
37602;20;80
37702;0;1340
37802;0;0
37902;0;400
38002;0;0
38102;0;340
38202;0;0
38302;0;0
38402;0;0
38502;0;0
38602;10;250
38702;0;0
38802;0;0
38902;0;0
39002;0;40
39102;20;110
39202;0;0
39302;0;0
39402;0;0
39502;0;10
39602;0;0
39702;0;0
39802;0;0
39902;0;0
40002;0;0
40102;0;0
40202;0;0
40302;0;0
40402;0;0
40502;0;0
40602;0;0
40702;0;0
40802;0;0
40902;0;0
41002;0;1040
41102;0;0
41202;0;200
41302;30;10
41402;0;350
41502;0;0
41602;0;0
41702;0;20
41802;0;70
41902;0;0
42002;0;660
42102;0;80
42202;10;0
42302;0;0
42402;0;10
42502;0;20
42602;0;0
42702;0;980
42802;0;0
42902;50;580
43002;0;0
43102;0;0
43202;0;0
43302;0;0
43402;0;0
43502;0;300
43602;0;0
43702;0;30
43802;0;250
43902;0;160
44002;0;550
44102;0;0
44202;0;0
44302;0;0
44402;0;0
44502;0;0
44602;0;0
44702;0;0
44802;0;0
44902;0;0
45002;0;0
45102;0;0
45202;0;10
45302;0;0
45402;0;0
45502;0;140
45602;0;540
45702;0;270
45802;0;120
45902;0;0
46002;0;60
46102;0;0
46202;0;10
46302;0;160
46402;0;1100
46502;0;50
46602;10;250
46702;0;150
46802;40;910
46902;0;300
47002;30;530
47102;0;0
47202;10;0
47302;0;180
47402;10;0
47502;0;0
47602;0;0
47702;0;0
47802;0;0
47902;0;0
48002;0;0
48102;0;3000
48202;0;0
48302;60;590
48402;60;20
48502;10;20
48602;30;10
48702;0;1600
48802;0;4000
48902;0;0
49002;10;40
49102;660;2430
49202;0;3900
49302;0;0
49402;0;0
49502;0;0
49602;0;0
49702;0;0
49802;0;0
49902;0;0
50002;0;0
50102;0;0
50202;0;0
50302;0;0
50402;0;0
50502;0;250
50602;0;0
50702;0;800
50802;0;0
50902;0;0
51002;50;0
51102;10;30
51202;0;0
51302;10;0
51402;10;0
51502;0;250
51602;150;220
51702;10;50
51802;0;0
51902;40;70
52002;0;380
52102;0;10
52202;0;790
52302;0;0
52402;0;250
52502;0;190
52602;0;0
52702;0;0
52802;0;0
52902;0;10
53002;0;0
53102;0;0
53202;0;0
53302;0;0
53402;0;0
53502;0;0
53602;0;0
53702;0;0
53802;0;0
53902;0;0
54002;0;0
54102;0;0
54202;0;0
54302;0;0
54402;0;0
54502;0;0
54602;0;0
54702;0;220
54802;0;0
54902;0;0
55002;0;0
55102;0;20
55202;0;120
55302;0;0
55402;0;0
55502;0;0
55602;0;120
55702;0;20
55802;0;0
55902;0;0
56002;0;0
56102;0;0
56202;0;0
56302;10;0
56402;0;0
56502;0;0
56602;0;200
56702;0;0
56802;0;10
56902;0;0
57002;170;0
57102;0;0
57202;0;0
57302;0;0
57402;0;0
57502;0;0
57602;0;0
57702;0;0
57802;0;0
57902;0;0
58002;0;0
58102;0;0
58202;0;0
58302;0;0
58402;0;20
58502;0;0
58602;0;0
58702;0;0
58802;0;0
58902;0;0
59002;0;0
59102;0;0
59202;0;0
59302;0;0
59402;0;0
59502;0;0
59602;0;0
59702;0;0
59802;0;0
59902;0;0
60002;0;0
60102;0;0
60202;0;0
60302;0;0
60402;0;0
60502;10;0
60602;0;0
60702;0;0
60802;0;0
60902;0;0
61002;0;0
61102;0;0
61202;0;0
61302;0;0
61402;0;0
61502;0;0
61602;0;0
61702;0;0
61802;0;0
61902;0;0
62002;0;0
62102;0;10
62202;0;0
62302;0;0
62402;0;0
62502;0;0
62602;0;0
62702;0;0
62802;0;0
62902;0;0
63002;0;0
63102;0;0
63202;0;0
63302;0;0
63402;0;0
63502;0;0
63602;0;0
63702;0;0
63802;0;0
63902;0;0
64002;0;0
64102;0;0
64202;0;0
64302;0;0
64402;0;0
64502;0;0
64602;0;0
64702;0;0
64802;40;0
64902;0;0
65002;0;0
65102;40;0
65202;10;0
65302;0;0
65402;0;0
65502;0;0
65602;0;0
65702;0;40
65802;0;0
65902;0;0
66002;10;0
66102;0;0
66202;0;10
66302;10;0
66402;0;0
66502;0;0
66602;0;0
66702;0;1640
66802;0;0
66902;0;0
67002;0;50
67102;0;0
67202;20;40
67302;0;20
67402;0;0
67502;0;0
67602;0;0
67702;0;0
67802;140;0
67902;0;250
68002;0;100
68102;0;70
68202;0;0
68302;0;0
68402;0;20
68502;0;0
68602;0;0
68702;0;0
68802;0;100
68902;0;500
69002;0;50
69102;0;0
69202;0;220
69302;0;5000
69402;0;30
69502;10;0
69602;10;100
69702;0;0
69802;0;940
69902;0;0
70002;0;70
70102;0;0
70202;0;20
70302;0;420
70402;0;0
70502;0;0
70602;10;770
70702;0;0
70802;0;0
70902;0;1130
71002;0;150
71102;0;0
71202;0;0
71302;0;0
71402;0;0
71502;0;0
71602;0;0
71702;0;0
71802;40;150
71902;0;0
72002;0;600
72102;0;0
72202;0;0
72302;0;15590
72402;0;0
72502;0;0
72602;20;0
72702;0;1000
72802;0;0
72902;0;0
73002;0;1390
73102;0;250
73202;0;0
73302;0;150
73402;0;530
73502;10;0
73602;0;0
73702;0;0
73802;200;100
73902;0;0
74002;30;170
74102;0;0
74202;0;150
74302;60;1190
74402;0;0
74502;0;0
74602;0;30
74702;0;30
74802;0;0
74902;0;100
75002;0;0
75102;0;40
75202;0;30
75302;10;50
75402;10;0
75502;0;1260
75602;0;20
75702;0;10
75802;0;0
75902;0;140
76002;30;0
76102;130;110
76202;0;0
76302;0;0
76402;0;0
76502;0;0
76602;0;0
76702;0;300
76802;0;0
76902;0;250
77002;0;0
77102;0;0
77202;0;0
77302;0;0
77402;0;0
77502;0;0
77602;0;0
77702;0;250
77802;0;1000
77902;0;0
78002;0;0
78102;0;220
78202;0;0
78302;0;0
78402;0;0
78502;0;0
78602;0;0
78702;0;0
78802;20;0
78902;0;0
79002;0;50
79102;0;0
79202;0;0
79302;0;0
79402;0;0
79502;0;0
79602;0;0
79702;0;10
79802;0;10
79902;0;0
80002;0;300
80102;0;0
80202;0;0
80302;0;0
80402;0;0
80502;0;0
80602;0;0
80702;0;0
80802;0;0
80902;0;0
81002;0;0
81102;0;0
81202;0;0
81302;0;0
81402;0;0
81502;0;0
81602;0;0
81702;0;400
81802;0;6700
81902;0;0
82002;0;0
82102;0;0
82202;0;0
82302;0;0
82402;0;40
82502;0;0
82602;0;0
82702;0;0
82802;0;130
82902;0;0
83002;0;0
83102;0;3000
83202;0;0
83302;0;0
83402;0;30
83502;0;20
83602;10;520
83702;0;1450
83802;10;0
83902;10;0
84002;0;0
84102;0;10
84202;0;60
84302;0;0
84402;0;0
84502;10;0
84602;30;0
84702;0;0
84802;10;0
84902;0;120
85002;0;800
85102;0;90
85202;0;50
85302;10;290
85402;0;4200
85502;10;0
85602;0;50
85702;0;0
85802;0;0
85902;0;0
86002;0;0
86102;0;0
86202;0;0
86302;0;0
86402;0;140
86502;0;360
86602;0;200
86702;0;40
86802;0;500
86902;0;40
87002;0;550
87102;10;20
87202;0;0
87302;0;0
87402;0;1500
87502;0;0
87602;0;0
87702;0;160
87802;0;0
87902;80;400
88002;0;600
88102;0;0
88202;0;60
88302;0;10
88402;10;50
88502;0;30
88602;0;100
88702;0;1500
88802;0;0
88902;0;0
89002;0;90
89102;0;0
89202;0;20
89302;0;490
89402;0;0
89502;0;0
89602;0;0
89702;0;0
89802;0;880
89902;0;0
90002;0;0
90102;20;40
90202;0;0
90302;0;2320
90402;0;20
90502;0;0
90602;10;120
90702;0;140
90802;0;210
90902;0;0
91002;0;100
91102;0;500
91202;0;0
91302;0;10
91402;0;0
91502;0;260
91602;10;0
91702;0;0
91802;0;200
91902;0;0
92002;0;0
92102;0;0
92202;10;0
92302;0;0
92402;0;5100
92502;10;10
92602;0;0
92702;0;400
92802;0;460
92902;0;0
93002;10;0
93102;10;30
93202;0;10
93302;0;770
93402;0;0
93502;0;10
93602;0;0
93702;20;0
93802;0;60
93902;0;30
94002;30;70
94102;0;0
94202;30;0
94302;0;1120
94402;0;50
94502;0;100
94602;0;390
94702;0;70
94802;0;0
94902;50;0
95002;0;2500
95102;10;70
95202;130;0
95302;0;610
95402;0;0
95502;0;30
95602;0;730
95702;0;0
95802;20;790
95902;0;0
96002;0;1250
96102;0;510
96202;0;20
96302;0;0
96402;0;0
96502;0;0
96602;0;0
96702;0;0
96802;0;0
96902;0;20
97002;10;0
97102;30;0
97202;0;0
97302;0;350
97402;0;250
97502;0;0
97602;0;0
97702;0;0
97802;0;0
97902;0;0
98002;0;0
98102;0;0
98202;0;0
98302;0;0
98402;0;0
98502;0;0
98602;0;0
98702;0;0
98802;0;0
98902;0;0
99002;0;0
99102;10;0
99202;0;0
99302;0;0
99402;0;0
99502;0;0
99602;0;0
99702;10;0
99802;0;0
99902;0;0
100002;0;0
100102;0;0
100202;0;0
100302;0;0
100402;0;0
100502;0;0
100602;10;0
100702;0;20
100802;0;0
100902;0;0
101002;0;310
101102;0;0
101202;0;20
101302;0;10
101402;0;0
101502;0;0
101602;0;0
101702;0;0
101802;0;0
101902;0;120
102002;0;600
102102;10;0
102202;0;0
102302;0;2000
102402;0;0
102502;0;0
102602;0;130
102702;0;500
102802;0;0
102902;0;500
103002;0;200
103102;0;2000
103202;0;6200
103302;0;250
103402;0;0
103502;0;3000
103602;0;0
103702;0;0
103802;0;7550
103902;0;10000
104002;0;300
104102;0;1600
104202;0;500
104302;0;10
104402;0;500
104502;0;150
104602;0;500
104702;0;0
104802;0;300
104902;0;0
105002;0;0
105102;0;0
105202;0;3200
105302;60;280
105402;0;0
105502;50;1500
105602;0;0
105702;0;0
105802;0;0
105902;0;0
106002;0;0
106102;0;0
106202;0;900
106302;70;600
106402;0;400
106502;0;3000
106602;0;0
106702;0;150
106802;0;300
106902;0;140
107002;20;0
107102;0;7000
107202;0;0
107302;0;1200
107402;0;1410
107502;0;0
107602;0;0
107702;0;80
107802;0;170
107902;0;1560
108002;0;0
108102;0;200
108202;0;100
108302;10;50
108402;0;0
108502;30;0
108602;0;0
108702;0;70
108802;0;0
108902;0;100
109002;10;10
109102;0;0
109202;0;0
109302;0;250
109402;0;10
109502;10;0
109602;0;2870
109702;0;0
109802;0;0
109902;0;0
110002;10;30
110102;0;0
110202;0;10
110302;0;430
110402;0;0
110502;0;0
110602;0;0
110702;0;5000
110802;0;0
110902;0;0
111002;0;0
111102;0;0
111202;0;0
111302;0;0
111402;0;0
111502;0;10
111602;0;150
111702;0;2310
111802;0;10
111902;0;0
112002;0;0
112102;0;0
112202;0;0
112302;0;0
112402;0;0
112502;0;0
112602;0;0
112702;0;0
112802;0;0
112902;0;0
113002;0;0
113102;0;0
113202;0;0
113302;0;0
113402;150;150
113502;0;100
113602;0;0
113702;0;10
113802;0;0
113902;0;0
114002;0;10
114102;0;0
114202;0;0
114302;0;0
114402;0;0
114502;0;0
114602;0;0
114702;0;0
114802;0;0
114902;0;10
115002;0;0
115102;0;10
115202;0;0
115302;0;450
115402;0;3000
115502;30;200
115602;10;50
115702;30;40
115802;0;0
115902;0;0
116002;0;150
116102;180;0
116202;10;3490
116302;0;2000
116402;60;500
116502;40;0
116602;0;800
116702;0;200
116802;0;0
116902;0;10
117002;0;10000
117102;0;20000
117202;0;700
117302;0;500
117402;20;30
117502;0;2500
117602;0;400
117702;0;150
117802;0;0
117902;0;0
118002;0;0
118102;30;0
118202;0;0
118302;0;0
118402;0;60
118502;0;70
118602;0;200
118702;0;350
118802;0;1200
118902;0;30
119002;10;100
119102;0;100
119202;10;0
119302;0;270
119402;10;120
119502;0;40
119602;0;600
119702;0;1290
119802;0;500
119902;0;0
120002;0;0
120102;0;0
120202;0;350
120302;50;510
120402;10;0
120502;0;930
120602;0;2630
120702;0;0
120802;0;680
120902;0;800
121002;0;500
121102;0;2000
121202;20;0
121302;0;120
121402;0;20
121502;0;0
121602;0;0
121702;0;140
121802;0;1090
121902;0;200
122002;0;20
122102;0;300
122202;0;1000
122302;0;1500
122402;0;1300
122502;10;80
122602;20;350
122702;0;400
122802;10;1300
122902;0;0
123002;0;2000
123102;0;680
123202;20;90
123302;10;70
123402;0;70
123502;0;400
123602;10;30
123702;0;350
123802;10;0
123902;40;30
124002;100;0
124102;30;90
124202;0;10
124302;0;4000
124402;0;2540
124502;0;0
124602;50;220
124702;0;6000
124802;0;0
124902;20;30
125002;10;0
125102;80;160
125202;90;200
125302;0;0
125402;110;0
125502;20;10
125602;0;130
125702;0;1000
125802;0;8000
125902;10;0
126002;30;100
126102;0;1730
126202;0;1500
126302;0;200
126402;30;470
126502;50;80
126602;0;390
126702;0;240
126802;40;400
126902;10;0
127002;0;80
127102;0;0
127202;0;60
127302;0;2070
127402;0;120
127502;0;40
127602;0;700
127702;0;350
127802;50;70
127902;30;0
128002;0;1500
128102;0;0
128202;0;0
128302;0;200
128402;120;230
128502;3050;0
128602;0;0
128702;0;0
128802;0;0
128902;0;0
129002;0;0
129102;30;70
129202;10;40
129302;0;0
129402;0;0
129502;50;80
129602;0;300
129702;30;0
129802;0;0
129902;60;0
130002;0;0
130102;0;0
130202;0;0
130302;0;0
130402;0;0
130502;0;0
130602;0;0
130702;0;200
130802;150;0
130902;0;5000
131002;0;740
131102;0;0
131202;0;1200
131302;150;3740
131402;400;1070
131502;0;0
131602;0;320
131702;0;100
131802;0;0
131902;0;0
132002;10;0
132102;0;4100
132202;0;0
132302;70;190
132402;60;240
132502;20;120
132602;0;2500
132702;0;0
132802;0;1400
132902;20;150
133002;0;3270
133102;0;0
133202;0;1340
133302;20;50
133402;20;1280
133502;0;20000
133602;0;0
133702;0;13340
133802;0;3950
133902;0;100
134002;0;500
134102;10;190
134202;0;50
134302;0;13760
134402;0;20
134502;0;1200
134602;0;500
134702;0;2000
134802;0;200
134902;0;2000
135002;40;0
135102;0;50
135202;10;50
135302;0;130
135402;0;150
135502;0;100
135602;0;170
135702;0;200
135802;0;0
135902;20;0
136002;0;200
136102;20;0
136202;0;15000
136302;140;100
136402;0;20
136502;0;10
136602;0;0
136702;0;30
136802;0;2590
136902;20;240
137002;0;100
137102;0;400
137202;0;6200
137302;0;0
137402;0;2000
137502;0;3300
137602;0;200
137702;0;1000
137802;0;150
137902;10;20
138002;0;100
138102;0;180
138202;0;0
138302;0;0
138402;0;700
138502;10;0
138602;0;500
138702;0;600
138802;0;30
138902;0;500
139002;0;5000
139102;0;70
139202;0;100
139302;0;250
139402;110;1300
139502;0;27000
139602;0;10
139702;0;12000
139802;0;2000
139902;0;60
140002;0;200
140102;0;540
140202;0;400
140302;0;60
140402;40;40
140502;0;800
140602;0;150
140702;10;90
140802;20;480
140902;0;6300
141002;20;90
141102;0;60
141202;0;6000
141302;10;0
141402;1440;0
141502;0;10
141602;0;650
141702;0;100
141802;0;300
141902;0;1000
142002;0;0
142102;0;0
142202;20;0
142302;20;2980
142402;0;0
142502;10;0
142602;10;0
142702;0;770
142802;0;2500
142902;30;0
143002;0;360
143102;0;270
143202;0;180
143302;0;240
143402;0;2500
143502;0;3500
143602;0;0
143702;0;1000
143802;0;450
143902;10;790
144002;0;4160
144102;0;500
144202;0;0
144302;0;0
144402;0;0
144502;0;0
144602;0;0
144702;0;0
144802;0;2000
144902;0;0
145002;10;40
145102;0;0
145202;0;0
145302;0;0
145402;100;4000
145502;0;0
145602;0;0
145702;0;0
145802;0;0
145902;0;300
146002;0;0
146102;0;0
146202;0;0
146302;0;270
146402;10;0
146502;20;2000
146602;100;4000
146702;0;1000
146802;10;20
146902;190;0
147002;0;80
147102;0;1000
147202;0;780
147302;0;250
147402;0;180
147502;0;400
147602;0;50
147702;0;60
147802;0;430
147902;20;20
148002;0;950
148102;0;0
148202;50;90
148302;10;0
148402;0;0
148502;0;350
148602;10;0
148702;0;180
148802;0;250
148902;0;280
149002;0;300
149102;0;250
149202;0;250
149302;0;250
149402;0;60
149502;0;400
149602;0;1600
149702;0;300
149802;0;450
149902;0;30
150002;0;250
150102;10;0
150202;0;70
150302;20;50
150402;50;400
150502;0;0
150602;0;0
150702;0;2370
150802;0;0
150902;0;150
151002;0;0
151102;0;0
151202;0;0
151302;10;0
151402;0;130
151502;0;250
151602;0;300
151702;0;60
151802;0;250
151902;0;20
152002;0;3000
152102;0;3150
152202;0;5380
152302;0;100
152402;10;0
152502;0;0
152602;0;200
152702;30;1000
152802;50;60
152902;10;0
153002;0;0
153102;0;830
153202;0;1500
153302;40;0
153402;0;500
153502;0;50
153602;0;500
153702;0;100
153802;0;1000
153902;0;100
154002;0;0
154102;0;320
154202;0;160
154302;0;1500
154402;0;150
154502;0;500
154602;210;0
154702;0;150
154802;0;2500
154902;20;0
155002;0;250
155102;0;1170
155202;0;550
155302;0;0
155402;40;0
155502;0;1050
155602;0;1100
155702;70;240
155802;0;1000
155902;0;5220
156002;0;1000
156102;0;150
156202;0;800
156302;0;0
156402;0;80
156502;30;500
156602;0;0
156702;20;80
156802;170;330
156902;600;8760
157002;10;0
157102;0;80
157202;0;0
157302;0;200
157402;0;0
157502;0;0
157602;0;150
157702;10;0
157802;0;20
157902;0;900
158002;0;200
158102;0;100
158202;0;0
158302;40;0
158402;0;0
158502;0;100
158602;0;100
158702;30;0
158802;0;0
158902;0;10
159002;0;0
159102;0;0
159202;0;300
159302;0;40
159402;0;10500
159502;0;0
159602;0;0
159702;0;0
159802;50;0
159902;0;0
160002;0;0
160102;0;0
160202;0;0
160302;0;0
160402;0;0
160502;0;0
160602;0;0
160702;0;0
160802;0;0
160902;0;0
161002;0;0
161102;0;0
161202;0;0
161302;0;0
161402;0;0
161502;0;0
161602;0;0
161702;10;80
161802;10;110
161902;0;500
162002;0;400
162102;0;0
162202;0;3000
162302;0;2000
162402;0;5000
162502;0;1620
162602;0;3870
162702;10;0
162802;0;400
162902;20;50
163002;10;0
163102;0;500
163202;0;3120
163302;0;0
163402;0;0
163502;0;0
163602;60;0
163702;0;200
163802;0;300
163902;0;0
164002;0;110
164102;20;3870
164202;0;200
164302;0;0
164402;0;40
164502;0;400
164602;0;0
164702;10;50
164802;70;230
164902;0;660
165002;0;170
165102;0;1800
165202;0;300
165302;0;0
165402;0;500
165502;0;40
165602;0;0
165702;70;10
165802;90;1500
165902;0;20
166002;250;0
166102;0;150
166202;0;2500
166302;0;2000
166402;0;90
166502;0;10
166602;0;400
166702;0;300
166802;10;0
166902;60;480
167002;10;60
167102;0;260
167202;0;100
167302;0;470
167402;0;640
167502;10;0
167602;90;160
167702;0;0
167802;0;500
167902;40;0
168002;10;20
168102;70;470
168202;0;150
168302;0;0
168402;0;0
168502;0;0
168602;0;160
168702;0;200
168802;0;1520
168902;60;0
169002;30;60
169102;0;40
169202;0;4000
169302;0;1000
169402;0;2000
169502;0;780
169602;10;360
169702;0;500
169802;0;10
169902;0;20
170002;200;0
170102;0;100
170202;0;400
170302;0;50
170402;0;150
170502;0;5300
170602;0;1000
170702;0;0
170802;0;0
170902;0;0
171002;0;2000
171102;0;800
171202;0;1200
171302;0;2500
171402;0;2500
171502;0;2800
171602;0;100
171702;0;100
171802;0;2000
171902;0;2100
172002;500;0
172102;0;0
172202;0;0
172302;20;120
172402;0;20
172502;0;20
172602;0;20
172702;0;400
172802;0;900
172902;0;4200
173002;10;90
173102;0;4680
173202;0;0
173302;0;800
173402;210;1830
173502;20;0
173602;0;0
173702;0;260
173802;10;0
173902;30;0
174002;0;0
174102;30;0
174202;0;150
174302;10;60
174402;40;80
174502;10;0
174602;30;370
174702;0;350
174802;0;0
174902;0;50
175002;10;20
175102;0;0
175202;0;0
175302;0;0
175402;0;0
175502;0;0
175602;30;0
175702;0;0
175802;0;0
175902;0;0
176002;0;0
176102;0;0
176202;0;0
176302;0;0
176402;0;0
176502;0;0
176602;0;0
176702;0;0
176802;0;0
176902;0;0
177002;0;120
177102;300;0
177202;0;0
177302;0;0
177402;80;0
177502;0;0
177602;70;0
177702;0;0
177802;10;0
177902;0;0
178002;0;0
178102;0;10
178202;0;0
178302;30;0
178402;20;0
178502;40;0
178602;0;0
178702;0;0
178802;0;0
178902;0;0
179002;0;0
179102;0;0
179202;10;0
179302;0;0
179402;0;0
179502;0;0
179602;90;0
179702;0;0
179802;0;0
179902;0;0
180002;10;0
180102;40;60
180202;0;0
180302;50;0
180402;0;0
180502;0;0
180602;0;0
180702;0;0
180802;0;0
180902;60;0
181002;0;0
181102;0;0
181202;700;0
181302;0;0
181402;40;380
181502;0;0
181602;0;10
181702;0;0
181802;0;0
181902;0;0
182002;10;0
182102;0;0
182202;600;0
182302;0;0
182402;0;0
182502;0;0
182602;0;0
182702;0;0
182802;0;0
182902;0;0
183002;0;0
183102;0;0
183202;0;0
183302;0;0
183402;250;0
183502;0;0
183602;0;0
183702;0;0
183802;0;0
183902;0;0
184002;0;0
184102;0;0
184202;0;0
184302;0;0
184402;0;0
184502;0;0
184602;0;0
184702;0;0
184802;0;0
184902;0;0
185002;0;0
185102;0;0
185202;0;0
185302;0;0
185402;0;0
185502;0;0
185602;0;0
185702;0;0
185802;0;0
185902;0;0
186002;0;0
186102;300;6300
186202;0;0
186302;0;0
186402;0;0
186502;0;0
186602;0;0
186702;0;0
186802;0;0
186902;0;0
187002;0;0
187102;0;0
187202;0;0
187302;0;0
187402;0;0
187502;0;0
187602;0;0
187702;0;0
187802;0;0
187902;20;0
188002;10;0
188102;30;0
188202;0;0
188302;0;0
188402;0;0
188502;0;0
188602;0;0
188702;0;0
188802;0;0
188902;10;0
189002;0;0
189102;0;0
189202;0;0
189302;0;0
189402;0;0
189502;60;0
189602;0;0
189702;50;0
189802;0;0
189902;0;0
190002;0;0
190102;0;0
190202;0;0
190302;0;0
190402;0;0
190502;0;0
190602;0;0
190702;0;0
190802;0;0
190902;80;0
191002;0;0
191102;20;100
191202;0;0
191302;0;0
191402;0;0
191502;0;0
191602;10;0
191702;0;0
191802;0;0
191902;0;0
192002;0;0
192102;0;0
192202;0;0
192302;0;0
192402;0;0
192502;440;0
192602;0;0
192702;0;0
192802;0;0
192902;0;0
193002;300;1000
193102;0;0
193202;750;0
193302;10;0
193402;500;0
193502;0;0
193602;0;0
193702;0;0
193802;20;0
193902;0;0
194002;0;0
194102;0;0
194202;0;0
194302;0;0
194402;0;0
194502;0;0
194602;0;0
194702;0;0
194802;0;0
194902;0;0
195002;0;0
195102;0;0
195202;0;0
195302;0;0
195402;0;0
195502;0;0
195602;0;0
195702;0;0
195802;30;0
195902;0;0
196002;0;0
196102;0;0
196202;0;0
196302;0;0
196402;0;650
196502;20;0
196602;0;0
196702;0;0
196802;0;0
196902;0;0
197002;0;0
197102;0;0
197202;0;0
197302;0;0
197402;0;0
197502;0;0
197602;0;0
197702;0;0
197802;0;0
197902;0;0
198002;0;0
198102;0;0
198202;660;0
198302;30;0
198402;0;0
198502;0;0
198602;30;0
198702;0;0
198802;10;0
198902;20;0
199002;0;0
199102;10;0
199202;0;0
199302;0;0
199402;0;50
199502;0;0
199602;0;2500
199702;0;0
199802;0;400
199902;0;0
200002;0;0
200102;20;0
200202;70;0
200302;0;0
200402;70;0
200502;0;0
200602;0;0
200702;0;0
200802;2300;2200
200902;0;0
201002;0;0
201102;0;0
201202;10;0
201302;0;0
201402;0;0
201502;0;0
201602;0;0
201702;0;0
201802;0;0
201902;0;0
202002;30;0
202102;0;0
202202;10;0
202302;0;0
202402;40;260
202502;0;0
202602;80;0
202702;40;0
202802;0;0
202902;0;0
203002;30;0
203102;0;0
203202;0;0
203302;0;0
203402;0;0
203502;0;0
203602;380;0
203702;800;0
203802;0;0
203902;0;0
204002;10;0
204102;0;0
204202;0;0
204302;0;0
204402;0;0
204502;120;0
204602;110;590
204702;0;0
204802;120;250
204902;70;0
205002;0;0
205102;0;0
205202;0;0
205302;0;0
205402;0;0
205502;0;0
205602;0;0
205702;0;0
205802;0;0
205902;0;0
206002;0;0
206102;0;0
206202;0;0
206302;0;0
206402;0;0
206502;0;0
206602;300;0
206702;30;0
206802;20;0
206902;300;0
207002;0;0
207102;0;0
207202;20;0
207302;80;0
207402;0;0
207502;0;40
207602;0;0
207702;0;0
207802;0;0
207902;0;0
208002;0;0
208102;0;0
208202;10;0
208302;0;0
208402;0;0
208502;0;0
208602;0;0
208702;0;0
208802;0;0
208902;0;0
209002;0;0
209102;0;0
209202;0;0
209302;0;0
209402;0;0
209502;1200;0
209602;70;0
209702;0;0
209802;20;0
209902;0;0
210002;0;1300
210102;0;0
210202;10;0
210302;30;0
210402;0;0
210502;0;0
210602;0;0
210702;0;0
210802;0;0
210902;160;0
211002;0;0
211102;0;0
211202;0;0
211302;0;0
211402;0;0
211502;0;0
211602;0;0
211702;0;0
211802;0;0
211902;0;0
212002;0;0
212102;150;0
212202;10;0
212302;0;0
212402;0;0
212502;0;0
212602;500;0
212702;0;0
212802;20;0
212902;30;500
213002;0;0
213102;0;0
213202;0;0
213302;10;0
213402;0;0
213502;0;0
213602;0;0
213702;0;0
213802;2000;0
213902;0;0
214002;0;0
214102;0;0
214202;0;0
214302;0;0
214402;0;0
214502;0;0
214602;0;0
214702;0;0
214802;0;0
214902;0;0
215002;0;0
215102;0;0
215202;0;0
215302;0;0
215402;0;0
215502;0;0
215602;60;0
215702;0;0
215802;0;0
215902;0;0
216002;0;0
216102;0;0
216202;0;0
216302;0;0
216402;0;120
216502;0;0
216602;0;0
216702;0;0
216802;0;0
216902;0;0
217002;0;0
217102;0;0
217202;10;0
217302;0;0
217402;0;0
217502;0;0
217602;10;100
217702;0;0
217802;0;0
217902;0;0
218002;0;0
218102;0;0
218202;0;0
218302;0;0
218402;0;0
218502;0;0
218602;0;0
218702;0;0
218802;0;0
218902;0;0
219002;0;0
219102;0;0
219202;0;0
219302;0;0
219402;0;0
219502;0;0
219602;0;0
219702;0;0
219802;0;0
219902;0;0
220002;10;0
220102;0;0
220202;0;0
220302;0;0
220402;0;0
220502;0;0
220602;0;0
220702;0;0
220802;0;0
220902;0;0
221002;0;0
221102;0;0
221202;0;0
221302;0;0
221402;10;0
221502;0;0
221602;0;0
221702;10;0
221802;0;0
221902;0;0
222002;30;0
222102;0;0
222202;0;0
222302;0;3000
222402;0;3000
222502;200;400
222602;0;0
222702;160;0
222802;0;0
222902;0;0
223002;0;0
223102;1200;0
223202;0;0
223302;0;0
223402;0;0
223502;0;0
223602;0;0
223702;0;0
223802;0;0
223902;0;0
224002;0;0
224102;0;0
224202;0;0
224302;250;0
224402;0;0
224502;0;0
224602;100;500
224702;0;0
224802;0;0
224902;0;0
225002;10;0
225102;10;0
225202;0;0
225302;0;0
225402;0;0
225502;0;0
225602;0;0
225702;0;0
225802;0;0
225902;0;0
226002;0;0
226102;0;0
226202;0;0
226302;0;0
226402;0;0
226502;0;0
226602;0;0
226702;0;0
226802;0;0
226902;0;10
227002;0;0
227102;0;0
227202;0;0
227302;0;0
227402;10;0
227502;10;0
227602;0;0
227702;0;0
227802;0;0
227902;0;0
228002;0;0
228102;0;0
228202;10;0
228302;30;0
228402;0;0
228502;0;0
228602;0;0
228702;0;0
228802;0;0
228902;0;0
229002;0;0
229102;0;0
229202;0;0
229302;0;0
229402;0;0
229502;0;0
229602;0;0
229702;0;0
229802;0;0
229902;0;0
230002;0;0
230102;0;0
230202;0;0
230302;20;0
230402;0;0
230502;0;0
230602;0;0
230702;0;0
230802;0;0
230902;0;0
231002;0;0
231102;0;0
231202;0;0
231302;0;0
231402;0;0
231502;0;0
231602;0;0
231702;0;0
231802;0;0
231902;0;0
232002;0;0
232102;0;0
232202;0;0
232302;30;0
232402;0;0
232502;0;0
232602;0;0
232702;0;0
232802;0;0
232902;0;0
233002;40;0
233102;0;0
233202;300;0
233302;0;0
233402;0;0
233502;0;200
233602;20;0
233702;0;0
233802;0;0
233902;2600;0
234002;0;0
234102;0;0
234202;500;0
234302;0;0
234402;20;0
234502;0;0
234602;0;0
234702;0;0
234802;0;0
234902;0;0
235002;0;0
235102;0;0
235202;0;30
235302;0;30
235402;0;0
235502;10;0
235602;0;0
235702;0;0
235802;0;0
235902;0;0
236002;20;0
236102;30;1500
236202;0;0
236302;0;0
236402;0;0
236502;0;0
236602;0;0
236702;0;0
236802;10;0
236902;20;0
237002;0;0
237102;0;0
237202;0;0
237302;0;0
237402;0;0
237502;0;0
237602;0;0
237702;0;0
237802;0;0
237902;0;0
238002;0;0
238102;0;0
238202;0;0
238302;0;0
238402;0;0
238502;0;0
238602;0;0
238702;0;0
238802;0;0
238902;0;0
239002;0;0
239102;0;0
239202;0;0
239302;0;0
239402;0;0
239502;0;0
239602;0;0
239702;10;0
239802;0;0
239902;0;0
240002;0;0
240102;0;0
240202;0;0
240302;0;0
240402;0;0
240502;0;0
240602;0;0
240702;0;0
240802;0;0
240902;0;0
241002;0;0
241102;0;0
241202;0;0
241302;0;0
241402;0;0
241502;0;0
241602;20;0
241702;30;0
241802;0;0
241902;0;0
242002;0;0
242102;0;0
242202;0;0
242302;20;0
242402;0;0
242502;70;0
242602;0;0
242702;0;0
242802;10;0
242902;0;0
243002;0;0
243102;0;0
243202;0;0
243302;0;0
243402;0;0
243502;0;0
243602;0;0
243702;60;0
243802;0;0
243902;1000;0
244002;0;0
244102;0;0
244202;0;0
244302;40;0
244402;150;0
244502;30;0
244602;0;0
244702;0;0
244802;0;0
244902;200;0
245002;20;0
245102;0;0
245202;0;0
245302;0;0
245402;0;0
245502;0;0
245602;0;0
245702;0;0
245802;0;0
245902;0;0
246002;0;0
246102;10;0
246202;0;0
246302;0;0
246402;1460;0
246502;0;0
246602;0;0
246702;0;150
246802;0;0
246902;0;0
247002;0;0
247102;0;0
247202;0;0
247302;0;0
247402;0;0
247502;0;0
247602;0;0
247702;10;0
247802;0;150
247902;0;0
248002;0;0
248102;0;0
248202;0;0
248302;0;0
248402;0;0
248502;0;0
248602;0;0
248702;0;0
248802;0;0
248902;0;0
249002;0;0
249102;0;0
249202;0;0
249302;0;0
249402;0;0
249502;10;0
249602;10;0
249702;0;0
249802;10;0
249902;0;0
250002;0;0
250102;0;0
250202;0;0
250302;0;0
250402;0;0
250502;0;0
250602;0;0
250702;0;0
250802;0;0
250902;10;0
251002;30;0
251102;0;0
251202;20;0
251302;0;0
251402;0;0
251502;0;0
251602;0;0
251702;0;0
251802;0;0
251902;0;0
252002;0;0
252102;0;0
252202;0;0
252302;0;0
252402;0;0
252502;0;0
252602;0;0
252702;0;0
252802;0;0
252902;0;0
253002;0;0
253102;0;0
253202;0;0
253302;0;0
253402;70;0
253502;320;40
253602;0;50
253702;0;0
253802;0;0
253902;0;0
254002;0;0
254102;0;0
254202;0;0
254302;0;0
254402;0;0
254502;0;0
254602;10;0
254702;0;0
254802;0;0
254902;0;0
255002;0;0
255102;0;0
255202;0;0
255302;0;0
255402;0;0
255502;0;0
255602;0;0
255702;0;0
255802;0;0
255902;0;0
256002;0;0
256102;0;0
256202;0;0
256302;0;0
256402;0;0
256502;4000;0
256602;0;500
256702;0;0
256802;0;0
256902;0;0
257002;0;0
257102;0;0
257202;0;0
257302;0;0
257402;0;0
257502;0;0
257602;0;0
257702;0;0
257802;0;0
257902;0;0
258002;0;0
258102;0;0
258202;0;0
258302;0;0
258402;110;500
258502;0;0
258602;10;0
258702;0;300
258802;30;0
258902;160;0
259002;60;0
259102;0;0
259202;0;0
259302;0;0
259402;0;0
259502;0;0
259602;0;0
259702;0;0
259802;0;0
259902;200;0
260002;0;0
260102;0;0
260202;0;0
260302;60;0
260402;0;0
260502;300;0
260602;0;30
260702;0;0
260802;10;0
260902;0;0
261002;0;0
261102;0;0
261202;0;0
261302;0;0
261402;0;0
261502;0;830
261602;0;0
261702;0;0
261802;0;40
261902;0;500
262002;400;0
262102;0;0
262202;20;0
262302;0;0
262402;0;0
262502;0;0
262602;0;0
262702;0;0
262802;0;0
262902;0;0
263002;400;100
263102;0;400
263202;80;0
263302;80;400
263402;0;400
263502;0;0
263602;0;0
263702;0;0
263802;0;0
263902;0;0
264002;0;0
264102;30;0
264202;0;0
264302;0;0
264402;0;0
264502;0;0
264602;0;0
264702;0;0
264802;0;0
264902;0;0
265002;0;0
265102;0;0
265202;0;0
265302;0;0
265402;0;0
265502;0;0
265602;0;0
265702;0;0
265802;0;0
265902;0;0
266002;0;0
266102;0;0
266202;0;0
266302;0;0
266402;0;0
266502;150;0
266602;30;0
266702;30;40
266802;0;0
266902;30;0
267002;30;0
267102;0;0
267202;0;0
267302;0;0
267402;0;0
267502;0;0
267602;0;0
267702;0;0
267802;0;0
267902;0;0
268002;0;400
268102;0;0
268202;0;0
268302;10;0
268402;0;0
268502;0;0
268602;0;0
268702;0;0
268802;0;0
268902;0;0
269002;0;0
269102;0;0
269202;0;0
269302;0;0
269402;0;0
269502;0;0
269602;0;0
269702;0;0
269802;0;0
269902;0;0
270002;0;0
270102;0;0
270202;0;0
270302;0;0
270402;0;600
270502;0;0
270602;0;0
270702;0;0
270802;0;0
270902;40;0
271002;0;0
271102;30;0
271202;0;0
271302;0;0
271402;0;0
271502;0;0
271602;0;0
271702;0;0
271802;0;0
271902;0;0
272002;0;0
272102;0;0
272202;0;0
272302;0;0
272402;10;30
272502;0;5000
272602;0;0
272702;0;0
272802;10;0
272902;0;0
273002;0;0
273102;0;0
273202;0;10
273302;0;0
273402;350;350
273502;70;0
273602;10;0
273702;100;5500
273802;70;0
273902;0;0
274002;0;50
274102;0;0
274202;0;0
274302;100;50
274402;2400;0
274502;0;0
274602;0;0
274702;0;0
274802;0;0
274902;0;0
275002;0;0
275102;0;0
275202;0;0
275302;250;0
275402;0;0
275502;0;0
275602;250;0
275702;0;0
275802;0;0
275902;150;0
276002;500;0
276102;40;0
276202;0;0
276302;0;0
276402;1200;0
276502;0;0
276602;140;0
276702;0;0
276802;0;0
276902;0;200
277002;0;0
277102;0;0
277202;0;0
277302;0;0
277402;100;0
277502;0;0
277602;0;600
277702;0;0
277802;0;0
277902;0;0
278002;0;0
278102;50;0
278202;10;0
278302;20;0
278402;0;30
278502;0;0
278602;0;0
278702;0;0
278802;0;0
278902;0;0
279002;0;0
279102;0;0
279202;10;0
279302;0;0
279402;0;0
279502;0;0
279602;0;0
279702;0;0
279802;0;0
279902;0;0
280002;0;0
280102;0;0
280202;0;0
280302;0;0
280402;0;0
280502;0;0
280602;0;0
280702;0;0
280802;0;0
280902;0;0
281002;0;0
281102;0;0
281202;0;0
281302;0;0
281402;0;0
281502;0;0
281602;0;0
281702;10;0
281802;10;0
281902;200;0
282002;0;0
282102;0;0
282202;10;0
282302;0;0
282402;100;0
282502;0;0
282602;200;0
282702;0;0
282802;0;0
282902;1000;0
283002;0;0
283102;0;0
283202;0;0
283302;0;0
283402;0;0
283502;0;0
283602;0;0
283702;0;0
283802;0;0
283902;5000;0
284002;0;0
284102;0;0
284202;0;0
284302;10000;0
284402;0;0
284502;20;0
284602;0;0
284702;0;0
284802;0;0
284902;0;0
285002;0;0
285102;0;0
285202;0;0
285302;0;0
285402;0;0
285502;0;0
285602;30;0
285702;0;0
285802;20;0
285902;4000;0
286002;0;0
286102;0;0
286202;50;0
286302;20;0
286402;0;0
286502;100;0
286602;100;0
286702;80;0
286802;60;0
286902;40;0
287002;0;0
287102;0;0
287202;30;0
287302;10;0
287402;0;0
287502;100;0
287602;60;0
287702;0;0
287802;0;0
287902;0;0
288002;0;0
288102;10;0
288202;300;0
288302;0;0
288402;30;0
288502;10;0
288602;10;0
288702;0;0
288802;60;0
288902;0;0
289002;10;0
289102;0;0
289202;0;0
289302;0;0
289402;120;0
289502;0;0
289602;0;0
289702;0;0
289802;0;0
289902;0;0
290002;0;0
290102;0;0
290202;0;0
290302;10;0
290402;10;0
290502;0;0
290602;0;0
290702;0;0
290802;0;0
290902;0;0
291002;40;0
291102;0;0
291202;60;0
291302;0;0
291402;0;0
291502;0;0
291602;0;0
291702;0;0
291802;0;0
291902;0;0
292002;0;0
292102;0;0
292202;0;0
292302;300;0
292402;0;0
292502;0;0
292602;0;0
292702;0;0
292802;0;0
292902;0;0
293002;0;0
293102;0;0
293202;0;0
293302;0;0
293402;10;0
293502;0;0
293602;0;0
293702;0;0
293802;0;0
293902;0;0
294002;0;0
294102;0;0
294202;0;0
294302;0;0
294402;10;0
294502;0;0
294602;0;0
294702;0;0
294802;0;0
294902;0;0
295002;10;0
295102;0;0
295202;10000;0
295302;0;0
295402;0;0
295502;0;0
295602;0;0
295702;120;0
295802;10;0
295902;0;0
296002;10;0
296102;10;0
296202;0;0
296302;10;0
296402;0;0
296502;0;0
296602;0;0
296702;0;0
296802;0;0
296902;0;0
297002;0;0
297102;80;0
297202;0;0
297302;0;0
297402;30;0
297502;0;0
297602;0;0
297702;0;0
297802;200;0
297902;0;0
298002;0;0
298102;0;0
298202;50;0
298302;750;0
298402;0;0
298502;20;0
298602;10;0
298702;30;0
298802;0;0
298902;0;0
299002;0;0
299102;0;0
299202;0;0
299302;0;0
299402;0;0
299502;350;0
299602;0;0
299702;20;0
299802;0;0
299902;0;0
300002;0;0
300102;90;0
300202;0;0
300302;0;0
300402;0;0
300502;30;0
300602;0;0
300702;0;0
300802;20;0
300902;60;0
301002;0;0
301102;10;0
301202;0;0
301302;0;0
301402;10;0
301502;0;0
301602;0;0
301702;0;0
301802;0;0
301902;0;0
302002;0;0
302102;20;0
302202;10;0
302302;0;0
302402;10;0
302502;0;0
302602;10;0
302702;0;0
302802;0;0
302902;0;0
303002;0;0
303102;0;0
303202;0;0
303302;0;0
303402;100;0
303502;10;0
303602;0;0
303702;0;0
303802;0;0
303902;0;150
304002;0;0
304102;30;410
304202;0;600
304302;0;0
304402;0;0
304502;60;0
304602;0;0
304702;0;0
304802;0;0
304902;0;0
305002;0;0
305102;0;0
305202;60;0
305302;0;0
305402;0;0
305502;10;0
305602;0;0
305702;0;0
305802;0;0
305902;0;0
306002;0;0
306102;0;20
306202;0;0
306302;0;0
306402;0;0
306502;0;0
306602;0;0
306702;0;0
306802;150;620
306902;10;0
307002;10;0
307102;0;20
307202;200;0
307302;0;0
307402;20;210
307502;10;0
307602;0;270
307702;10;10
307802;0;0
307902;160;260
308002;0;0
308102;10;0
308202;10;2600
308302;0;3650
308402;10;0
308502;0;0
308602;0;0
308702;0;0
308802;0;6000
308902;0;90
309002;0;0
309102;50;2750
309202;0;0
309302;0;0
309402;150;0
309502;0;70
309602;0;1800
309702;80;250
309802;140;0
309902;60;250
310002;10;0
310102;0;0
310202;0;0
310302;0;0
310402;0;0
310502;0;170
310602;0;40
310702;0;4080
310802;0;60
310902;210;140
311002;0;150
311102;0;0
311202;20;150
311302;0;0
311402;0;170
311502;10;720
311602;0;540
311702;0;0
311802;2500;0
311902;0;0
312002;0;0
312102;20;0
312202;820;0
312302;20;0
312402;10;10
312502;10;30
312602;40;150
312702;110;90
312802;0;100
312902;0;570
313002;10;0
313102;0;1300
313202;40;560
313302;0;0
313402;0;0
313502;0;280
313602;20;1190
313702;0;0
313802;0;640
313902;0;2500
314002;0;300
314102;0;160
314202;0;600
314302;0;0
314402;10;0
314502;0;0
314602;10;30
314702;20;30
314802;600;0
314902;0;3200
315002;0;0
315102;0;0
315202;0;100
315302;0;10
315402;0;0
315502;0;0
315602;0;0
315702;0;0
315802;600;0
315902;0;0
316002;0;0
316102;0;1000
316202;0;0
316302;0;0
316402;10;0
316502;0;40
316602;0;0
316702;10;0
316802;0;20
316902;50;350
317002;0;30
317102;0;1370
317202;30;150
317302;10;0
317402;0;0
317502;40;0
317602;0;40
317702;20;40
317802;30;100
317902;0;0
318002;0;40
318102;0;0
318202;0;1140
318302;20;60
318402;0;0
318502;40;140
318602;0;0
318702;50;30
318802;10;0
318902;10;0
319002;0;520
319102;0;0
319202;0;2300
319302;0;4500
319402;0;290
319502;0;0
319602;0;50
319702;0;0
319802;0;0
319902;0;250
320002;0;170
320102;0;300
320202;0;120
320302;40;0
320402;10;0
320502;0;400
320602;0;0
320702;0;6020
320802;40;2030
320902;0;0
321002;350;0
321102;10;340
321202;10;0
321302;0;0
321402;10;0
321502;60;0
321602;40;0
321702;0;0
321802;0;5260
321902;0;90
322002;0;0
322102;30;870
322202;10;120
322302;120;590
322402;0;1980
322502;0;0
322602;0;80
322702;0;130
322802;0;160
322902;0;20
323002;0;790
323102;0;30
323202;30;1480
323302;30;40
323402;0;280
323502;10;0
323602;10;160
323702;400;1500
323802;0;1150
323902;0;80
324002;0;0
324102;0;0
324202;0;200
324302;0;0
324402;0;0
324502;0;50
324602;10;0
324702;20;0
324802;0;0
324902;0;0
325002;0;0
325102;0;2750
325202;230;80
325302;0;0
325402;0;40
325502;0;1690
325602;70;680
325702;10;70
325802;10;10
325902;10;600
326002;70;910
326102;20;180
326202;0;380
326302;0;30
326402;0;320
326502;0;650
326602;0;0
326702;30;0
326802;0;0
326902;300;0
327002;0;0
327102;0;400
327202;30;0
327302;0;0
327402;0;350
327502;10;0
327602;0;100
327702;40;250
327802;20;200
327902;0;0
328002;50;120
328102;0;650
328202;0;0
328302;0;0
328402;0;0
328502;0;0
328602;20;0
328702;0;0
328802;20;0
328902;200;0
329002;30;10
329102;0;0
329202;0;0
329302;50;20
329402;0;150
329502;20;0
329602;0;150
329702;0;0
329802;240;0
329902;0;0
330002;0;320
330102;0;11150
330202;0;0
330302;970;0
330402;6500;0
330502;50;0
330602;0;220
330702;0;10
330802;0;0
330902;470;550
331002;10;0
331102;20;40
331202;0;0
331302;10;90
331402;200;380
331502;0;350
331602;0;600
331702;40;340
331802;10;60
331902;0;200
332002;40;0
332102;30;400
332202;50;160
332302;0;0
332402;100;450
332502;0;0
332602;360;5130
332702;0;120
332802;10;40
332902;10;0
333002;70;3340
333102;150;0
333202;0;0
333302;10;0
333402;10;40
333502;10;0
333602;0;0
333702;0;0
333802;0;0
333902;50;30
334002;0;0
334102;10;0
334202;150;40
334302;0;0
334402;0;0
334502;0;6480
334602;20;20
334702;0;200
334802;80;100
334902;0;0
335002;0;0
335102;0;0
335202;0;0
335302;0;0
335402;0;250
335502;300;830
335602;0;0
335702;0;0
335802;0;0
335902;0;0
336002;0;200
336102;0;0
336202;0;1690
336302;10;330
336402;0;0
336502;0;0
336602;0;0
336702;0;0
336802;0;0
336902;0;0
337002;0;0
337102;0;0
337202;150;870
337302;0;0
337402;50;20
337502;0;0
337602;0;0
337702;10;30
337802;920;0
337902;0;0
338002;50;0
338102;0;220
338202;10;0
338302;0;0
338402;0;360
338502;0;0
338602;0;0
338702;0;0
338802;40;0
338902;0;0
339002;0;0
339102;0;0
339202;0;0
339302;0;30
339402;0;40
339502;0;30
339602;0;0
339702;0;0
339802;30;380
339902;0;0
340002;400;870
340102;0;0
340202;0;0
340302;0;0
340402;0;60
340502;10;0
340602;0;0
340702;0;0
340802;0;270
340902;0;0
341002;0;0
341102;0;0
341202;0;0
341302;0;0
341402;0;0
341502;0;0
341602;0;0
341702;0;0
341802;0;0
341902;0;0
342002;0;0
342102;0;0
342202;0;0
342302;0;0
342402;0;0
342502;0;0
342602;0;0
342702;0;0
342802;0;0
342902;0;0
343002;0;0
343102;0;0
343202;0;0
343302;0;0
343402;0;0
343502;0;0
343602;0;0
343702;0;0
343802;0;0
343902;0;0
344002;0;0
344102;0;30
344202;0;0
344302;0;0
344402;0;0
344502;0;1000
344602;30;0
344702;0;10
344802;0;0
344902;0;0
345002;0;0
345102;0;0
345202;0;0
345302;120;180
345402;0;0
345502;30;0
345602;0;0
345702;0;0
345802;10;150
345902;10;0
346002;860;390
346102;0;0
346202;10;0
346302;60;80
346402;1610;0
346502;10;0
346602;0;70
346702;1000;0
346802;0;0
346902;0;0
347002;0;150
347102;0;0
347202;0;0
347302;50;120
347402;0;0
347502;0;50
347602;10;0
347702;0;0
347802;10;0
347902;0;0
348002;0;0
348102;0;150
348202;0;0
348302;0;0
348402;20;240
348502;10;0
348602;40;50
348702;20;350
348802;0;0
348902;0;0
349002;0;0
349102;0;600
349202;10;0
349302;0;0
349402;0;0
349502;0;0
349602;0;30
349702;20;80
349802;0;0
349902;0;0
350002;0;0
350102;10;0
350202;20;180
350302;200;1080
350402;0;30
350502;20;0
350602;0;600
350702;0;160
350802;40;100
350902;0;0
351002;0;650
351102;0;1300
351202;0;0
351302;0;0
351402;0;0
351502;0;0
351602;10;0
351702;0;0
351802;0;310
351902;50;1500
352002;40;150
352102;0;1000
352202;0;0
352302;0;0
352402;140;1910
352502;0;0
352602;0;0
352702;970;0
352802;0;0
352902;0;0
353002;0;0
353102;0;0
353202;0;0
353302;0;0
353402;0;0
353502;0;0
353602;0;150
353702;0;0
353802;0;0
353902;0;0
354002;0;0
354102;0;0
354202;0;0
354302;60;20
354402;0;0
354502;60;60
354602;0;0
354702;0;0
354802;0;0
354902;0;0
355002;0;50
355102;0;600
355202;10;0
355302;10;0
355402;0;40
355502;10;0
355602;10;0
355702;0;0
355802;0;50
355902;40;0
356002;0;0
356102;200;0
356202;0;0
356302;0;0
356402;120;50
356502;0;0
356602;0;0
356702;0;0
356802;0;0
356902;0;0
357002;0;0
357102;20;0
357202;0;1250
357302;0;0
357402;0;0
357502;60;0
357602;0;0
357702;40;0
357802;0;0
357902;0;5650
358002;0;470
358102;0;0
358202;0;2530
358302;0;60
358402;0;0
358502;0;0
358602;0;0
358702;0;0
358802;0;0
358902;10;0
359002;0;0
359102;0;0
359202;0;0
359302;0;0
359402;0;0
359502;0;0
359602;0;0
359702;40;2400
359802;0;0
359902;0;0
360002;0;0
360102;0;0
360202;0;0
360302;40;260
360402;0;0
360502;30;10
360602;0;0
360702;0;0
360802;10;0
360902;0;0
361002;0;0
361102;0;230
361202;360;280
361302;0;0
361402;0;0
361502;0;0
361602;40;0
361702;10;0
361802;70;40
361902;0;490
362002;10;0
362102;0;800
362202;0;0
362302;0;0
362402;0;0
362502;460;0
362602;0;0
362702;0;0
362802;0;0
362902;0;0
363002;0;0
363102;0;0
363202;10;0
363302;0;0
363402;10;0
363502;0;0
363602;0;0
363702;0;40
363802;0;0
363902;0;0
364002;0;0
364102;0;0
364202;0;0
364302;0;0
364402;0;0
364502;0;0
364602;0;0
364702;0;0
364802;0;0
364902;0;0
365002;0;0
365102;0;0
365202;0;0
365302;10;40
365402;0;0
365502;0;250
365602;0;0
365702;0;110
365802;10;220
365902;0;0
366002;0;0
366102;0;0
366202;0;3020
366302;0;2010
366402;0;0
366502;0;0
366602;0;0
366702;0;0
366802;0;0
366902;0;0
367002;0;0
367102;0;0
367202;60;0
367302;0;0
367402;150;0
367502;0;700
367602;150;0
367702;0;430
367802;0;0
367902;0;0
368002;0;0
368102;0;0
368202;0;0
368302;30;320
368402;0;0
368502;0;0
368602;0;0
368702;80;40
368802;10;80
368902;0;10
369002;0;0
369102;0;0
369202;0;0
369302;0;500
369402;50;240
369502;0;0
369602;10;0
369702;0;0
369802;0;0
369902;0;0
370002;0;0
370102;60;60
370202;0;0
370302;20;10
370402;0;0
370502;0;0
370602;0;0
370702;0;0
370802;0;0
370902;0;80
371002;0;40
371102;0;0
371202;50;460
371302;50;600
371402;0;40
371502;10;10
371602;0;0
371702;0;0
371802;0;0
371902;0;0
372002;20;0
372102;0;0
372202;10;0
372302;0;0
372402;0;100
372502;0;0
372602;0;0
372702;0;0
372802;0;0
372902;0;0
373002;50;950
373102;0;50
373202;0;150
373302;0;0
373402;0;0
373502;10;0
373602;150;0
373702;0;0
373802;0;30
373902;0;160
374002;0;110
374102;0;0
374202;0;2000
374302;0;100
374402;0;0
374502;0;340
374602;0;0
374702;0;50
374802;0;0
374902;30;0
375002;0;0
375102;0;0
375202;0;20
375302;0;200
375402;100;1000
375502;0;0
375602;60;580
375702;0;0
375802;0;750
375902;0;0
376002;0;640
376102;0;250
376202;0;0
376302;0;0
376402;0;230
376502;0;500
376602;0;4500
376702;0;500
376802;0;0
376902;0;0
377002;0;0
377102;0;0
377202;0;0
377302;0;0
377402;20;60
377502;0;0
377602;0;0
377702;0;370
377802;20;50
377902;1100;0
378002;0;100
378102;0;0
378202;0;0
378302;0;0
378402;0;0
378502;0;0
378602;20;0
378702;0;0
378802;0;0
378902;0;0
379002;10;0
379102;0;0
379202;0;0
379302;0;0
379402;0;0
379502;0;0
379602;0;0
379702;10;0
379802;0;0
379902;0;0
380002;0;0
380102;0;0
380202;0;230
380302;0;0
380402;0;40
380502;0;0
380602;10;0
380702;10;0
380802;10;80
380902;0;0
381002;0;0
381102;110;200
381202;40;80
381302;400;0
381402;600;0
381502;20;0
381602;100;300
381702;0;270
381802;0;0
381902;0;0
382002;0;0
382102;0;0
382202;0;0
382302;0;0
382402;300;0
382502;0;0
382602;0;0
382702;0;0
382802;10;0
382902;0;0
383002;0;0
383102;0;0
383202;0;0
383302;0;0
383402;200;0
383502;2070;0
383602;0;200
383702;610;0
383802;0;0
383902;0;0
384002;80;0
384102;950;0
384202;0;0
384302;120;0
384402;0;0
384502;0;400
384602;20;0
384702;400;0
384802;120;0
384902;0;0
385002;0;0
385102;0;0
385202;150;0
385302;0;0
385402;20;0
385502;0;0
385602;0;0
385702;0;0
385802;110;0
385902;300;1660
386002;0;0
386102;0;0
386202;0;0
386302;0;0
386402;0;0
386502;10;0
386602;0;0
386702;0;0
386802;0;0
386902;0;0
387002;0;0
387102;10;0
387202;0;0
387302;60;200
387402;0;0
387502;0;0
387602;0;0
387702;0;0
387802;0;0
387902;0;0
388002;0;0
388102;0;10
388202;0;0
388302;0;0
388402;0;0
388502;0;0
388602;50;0
388702;0;0
388802;10;0
388902;140;0
389002;0;0
389102;0;0
389202;370;0
389302;0;0
389402;0;0
389502;0;0
389602;0;0
389702;0;10
389802;0;0
389902;0;0
390002;0;0
390102;20;0
390202;0;0
390302;2200;1800
390402;700;0
390502;110;0
390602;0;0
390702;0;0
390802;0;0
390902;0;0
391002;0;0
391102;0;0
391202;0;0
391302;0;0
391402;0;0
391502;0;0
391602;0;0
391702;0;0
391802;50;0
391902;0;0
392002;0;0
392102;80;0
392202;0;0
392302;0;0
392402;0;0
392502;0;0
392602;0;50
392702;0;0
392802;70;60
392902;0;0
393002;0;0
393102;0;0
393202;0;0
393302;40;15150
393402;0;7490
393502;0;750
393602;0;0
393702;0;0
393802;0;16770
393902;0;0
394002;0;0
394102;0;0
394202;0;0
394302;0;0
394402;0;0
394502;0;0
394602;0;0
394702;0;0
394802;0;0
394902;0;0
395002;0;0
395102;0;0
395202;0;0
395302;0;0
395402;0;0
395502;0;0
395602;0;0
395702;0;0
395802;0;0
395902;0;0
396002;0;0
396102;0;0
396202;0;0
396302;0;0
396402;0;500
396502;0;200
396602;0;0
396702;0;0
396802;0;0
396902;0;0
397002;0;0
397102;0;0
397202;0;0
397302;0;0
397402;0;0
397502;0;0
397602;10;80
397702;120;0
397802;0;0
397902;0;0
398002;5000;0
398102;0;0
398202;0;0
398302;0;0
398402;0;0
398502;0;0
398602;100;0
398702;40;0
398802;630;0
398902;170;0
399002;140;0
399102;0;0
399202;0;0
399302;0;0
399402;0;0
399502;0;0
399602;0;0
399702;0;0
399802;0;0
399902;0;0
400002;100;0
400102;0;0
400202;0;0
400302;0;0
400402;0;0
400502;0;0
400602;0;0
400702;0;0
400802;0;0
400902;0;0
401002;0;0
401102;160;0
401202;0;0
401302;0;0
401402;0;0
401502;0;0
401602;0;0
401702;100;720
401802;10;0
401902;0;0
402002;0;0
402102;0;0
402202;0;0
402302;0;0
402402;0;0
402502;10;0
402602;0;0
402702;270;300
402802;0;0
402902;0;0
403002;0;0
403102;0;0
403202;0;0
403302;0;0
403402;0;0
403502;0;0
403602;0;0
403702;0;0
403802;0;0
403902;0;0
404002;0;0
404102;0;0
404202;0;0
404302;0;0
404402;0;0
404502;150;0
404602;0;0
404702;0;0
404802;0;0
404902;0;0
405002;0;0
405102;0;0
405202;0;0
405302;0;0
405402;0;0
405502;0;0
405602;0;0
405702;0;0
405802;0;0
405902;30;200
406002;0;0
406102;0;0
406202;0;0
406302;0;0
406402;0;0
406502;0;0
406602;0;0
406702;0;0
406802;0;0
406902;0;0
407002;0;0
407102;0;0
407202;0;0
407302;400;0
407402;0;0
407502;0;0
407602;50;0
407702;0;0
407802;0;0
407902;0;0
408002;0;0
408102;0;0
408202;0;0
408302;0;0
408402;0;0
408502;0;0
408602;0;0
408702;0;0
408802;0;0
408902;0;0
409002;0;0
409102;0;0
409202;0;0
409302;0;0
409402;0;0
409502;0;0
409602;0;0
409702;0;0
409802;10;0
409902;0;0
410002;0;0
410102;0;0
410202;0;0
410302;0;0
410402;0;0
410502;0;0
410602;80;270
410702;200;0
410802;850;1100
410902;0;0
411002;0;0
411102;40;0
411202;0;0
411302;0;0
411402;0;0
411502;230;1200
411602;0;0
411702;60;0
411802;0;0
411902;60;0
412002;430;1250
412102;0;0
412202;0;0
412302;0;0
412402;0;0
412502;0;0
412602;10;0
412702;0;0
412802;0;0
412902;0;0
413002;0;0
413102;0;0
413202;0;0
413302;290;0
413402;0;0
413502;30;0
413602;680;0
413702;290;0
413802;150;0
413902;0;0
414002;0;0
414102;0;0
414202;0;0
414302;10;150
414402;0;0
414502;70;0
414602;80;0
414702;0;0
414802;0;0
414902;0;0
415002;0;0
415102;0;0
415202;90;0
415302;0;0
415402;0;0
415502;0;0
415602;0;0
415702;0;0
415802;0;0
415902;0;0
416002;0;0
416102;0;0
416202;0;0
416302;0;0
416402;0;0
416502;0;0
416602;0;0
416702;0;0
416802;10;0
416902;0;0
417002;0;0
417102;690;0
417202;10;0
417302;0;0
417402;0;0
417502;0;0
417602;0;0
417702;0;0
417802;0;0
417902;0;0
418002;0;0
418102;0;0
418202;0;0
418302;0;0
418402;0;0
418502;0;0
418602;0;0
418702;0;0
418802;0;0
418902;150;0
419002;10;0
419102;0;0
419202;0;0
419302;0;0
419402;0;0
419502;0;0
419602;0;0
419702;0;0
419802;0;0
419902;150;0
420002;0;0
420102;60;0
420202;0;0
420302;0;0
420402;0;0
420502;10;0
420602;0;0
420702;0;0
420802;0;0
420902;0;0
421002;30;0
421102;0;0
421202;0;0
421302;0;0
421402;0;0
421502;0;0
421602;0;0
421702;0;0
421802;0;0
421902;0;0
422002;0;0
422102;0;0
422202;0;0
422302;0;0
422402;0;0
422502;600;0
422602;700;700
422702;0;0
422802;0;0
422902;700;0
423002;10;0
423102;40;0
423202;0;0
423302;0;0
423402;0;0
423502;0;0
423602;0;0
423702;0;0
423802;0;0
423902;0;0
424002;0;0
424102;0;0
424202;0;0
424302;0;0
424402;0;0
424502;0;0
424602;0;0
424702;0;0
424802;0;0
424902;0;0
425002;10;0
425102;0;0
425202;150;0
425302;0;0
425402;0;0
425502;0;0
425602;50;0
425702;0;0
425802;0;0
425902;100;0
426002;0;0
426102;0;0
426202;0;0
426302;0;0
426402;50;200
426502;0;0
426602;0;0
426702;50;0
426802;0;100
426902;0;0
427002;0;0
427102;0;0
427202;0;0
427302;50;60
427402;0;0
427502;0;0
427602;0;0
427702;0;0
427802;0;0
427902;0;0
428002;0;0
428102;10;0
428202;20;0
428302;10;0
428402;0;0
428502;0;0
428602;0;0
428702;0;0
428802;0;0
428902;0;0
429002;0;0
429102;0;0
429202;10;0
429302;0;0
429402;0;0
429502;0;0
429602;0;0
429702;40;0
429802;0;0
429902;30;20
430002;0;0
430102;0;0
430202;0;0
430302;0;0
430402;0;0
430502;0;0
430602;0;0
430702;0;0
430802;0;0
430902;0;0
431002;0;0
431102;0;0
431202;0;0
431302;0;0
431402;0;0
431502;0;0
431602;0;170
431702;0;0
431802;0;0
431902;0;0
432002;0;0
432102;0;0
432202;0;0
432302;0;0
432402;0;0
432502;0;0
432602;0;0
432702;0;0
432802;10;0
432902;0;0
433002;0;0
433102;0;0
433202;0;0
433302;0;0
433402;30;0
433502;0;0
433602;0;0
433702;0;0
433802;0;0
433902;0;0
434002;0;0
434102;0;0
434202;0;0
434302;0;0
434402;0;0
434502;0;0
434602;0;0
434702;0;0
434802;0;0
434902;720;0
435002;320;0
435102;0;0
435202;30;0
435302;0;0
435402;0;0
435502;0;0
435602;530;0
435702;3080;0
435802;0;0
435902;500;0
436002;0;0
436102;0;0
436202;0;0
436302;0;0
436402;0;0
436502;160;400
436602;0;0
436702;0;0
436802;0;0
436902;0;0
437002;0;0
437102;0;0
437202;0;0
437302;0;0
437402;150;0
437502;0;0
